"GEO_ID","NAME","P1_001N",
"Geography","Geographic Area Name"," !!Total",
"1400000US17031010100","Census Tract 101; Cook County; Illinois","4905",
"1400000US17031010201","Census Tract 102.01; Cook County; Illinois","6939",
"1400000US17031010202","Census Tract 102.02; Cook County; Illinois","2742",
"1400000US17031010300","Census Tract 103; Cook County; Illinois","6305",
"1400000US17031010400","Census Tract 104; Cook County; Illinois","5079",
"1400000US17031010501","Census Tract 105.01; Cook County; Illinois","4206",
"1400000US17031010502","Census Tract 105.02; Cook County; Illinois","3278",
"1400000US17031010503","Census Tract 105.03; Cook County; Illinois","2565",
"1400000US17031010600","Census Tract 106; Cook County; Illinois","6225",
"1400000US17031010701","Census Tract 107.01; Cook County; Illinois","3673",
"1400000US17031010702","Census Tract 107.02; Cook County; Illinois","4776",
"1400000US17031020100","Census Tract 201; Cook County; Illinois","4202",
"1400000US17031020200","Census Tract 202; Cook County; Illinois","7128",
"1400000US17031020301","Census Tract 203.01; Cook County; Illinois","5261",
"1400000US17031020302","Census Tract 203.02; Cook County; Illinois","5010",
"1400000US17031020400","Census Tract 204; Cook County; Illinois","4435",
"1400000US17031020500","Census Tract 205; Cook County; Illinois","6599",
"1400000US17031020601","Census Tract 206.01; Cook County; Illinois","6699",
"1400000US17031020602","Census Tract 206.02; Cook County; Illinois","4662",
"1400000US17031020701","Census Tract 207.01; Cook County; Illinois","1879",
"1400000US17031020702","Census Tract 207.02; Cook County; Illinois","7717",
"1400000US17031020801","Census Tract 208.01; Cook County; Illinois","5648",
"1400000US17031020802","Census Tract 208.02; Cook County; Illinois","7546",
"1400000US17031020901","Census Tract 209.01; Cook County; Illinois","5848",
"1400000US17031020902","Census Tract 209.02; Cook County; Illinois","4488",
"1400000US17031030101","Census Tract 301.01; Cook County; Illinois","3687",
"1400000US17031030102","Census Tract 301.02; Cook County; Illinois","3121",
"1400000US17031030103","Census Tract 301.03; Cook County; Illinois","2104",
"1400000US17031030104","Census Tract 301.04; Cook County; Illinois","3521",
"1400000US17031030200","Census Tract 302; Cook County; Illinois","5627",
"1400000US17031030300","Census Tract 303; Cook County; Illinois","3148",
"1400000US17031030400","Census Tract 304; Cook County; Illinois","2597",
"1400000US17031030500","Census Tract 305; Cook County; Illinois","6183",
"1400000US17031030601","Census Tract 306.01; Cook County; Illinois","3293",
"1400000US17031030603","Census Tract 306.03; Cook County; Illinois","2045",
"1400000US17031030604","Census Tract 306.04; Cook County; Illinois","3737",
"1400000US17031030701","Census Tract 307.01; Cook County; Illinois","1671",
"1400000US17031030702","Census Tract 307.02; Cook County; Illinois","2318",
"1400000US17031030703","Census Tract 307.03; Cook County; Illinois","3075",
"1400000US17031030706","Census Tract 307.06; Cook County; Illinois","2933",
"1400000US17031030800","Census Tract 308; Cook County; Illinois","4284",
"1400000US17031030900","Census Tract 309; Cook County; Illinois","2952",
"1400000US17031031000","Census Tract 310; Cook County; Illinois","3868",
"1400000US17031031100","Census Tract 311; Cook County; Illinois","4691",
"1400000US17031031200","Census Tract 312; Cook County; Illinois","5541",
"1400000US17031031300","Census Tract 313; Cook County; Illinois","6719",
"1400000US17031031400","Census Tract 314; Cook County; Illinois","5221",
"1400000US17031031501","Census Tract 315.01; Cook County; Illinois","4155",
"1400000US17031031502","Census Tract 315.02; Cook County; Illinois","4712",
"1400000US17031031700","Census Tract 317; Cook County; Illinois","6294",
"1400000US17031031800","Census Tract 318; Cook County; Illinois","1910",
"1400000US17031031900","Census Tract 319; Cook County; Illinois","2522",
"1400000US17031032100","Census Tract 321; Cook County; Illinois","7543",
"1400000US17031040100","Census Tract 401; Cook County; Illinois","3905",
"1400000US17031040201","Census Tract 402.01; Cook County; Illinois","6408",
"1400000US17031040202","Census Tract 402.02; Cook County; Illinois","7318",
"1400000US17031040300","Census Tract 403; Cook County; Illinois","2928",
"1400000US17031040401","Census Tract 404.01; Cook County; Illinois","3129",
"1400000US17031040402","Census Tract 404.02; Cook County; Illinois","4746",
"1400000US17031040600","Census Tract 406; Cook County; Illinois","2530",
"1400000US17031040700","Census Tract 407; Cook County; Illinois","3426",
"1400000US17031040800","Census Tract 408; Cook County; Illinois","1636",
"1400000US17031040900","Census Tract 409; Cook County; Illinois","2063",
"1400000US17031050100","Census Tract 501; Cook County; Illinois","2568",
"1400000US17031050200","Census Tract 502; Cook County; Illinois","5309",
"1400000US17031050300","Census Tract 503; Cook County; Illinois","2671",
"1400000US17031050500","Census Tract 505; Cook County; Illinois","5117",
"1400000US17031050600","Census Tract 506; Cook County; Illinois","2443",
"1400000US17031050700","Census Tract 507; Cook County; Illinois","1513",
"1400000US17031050800","Census Tract 508; Cook County; Illinois","1406",
"1400000US17031050900","Census Tract 509; Cook County; Illinois","1426",
"1400000US17031051000","Census Tract 510; Cook County; Illinois","1538",
"1400000US17031051100","Census Tract 511; Cook County; Illinois","1599",
"1400000US17031051200","Census Tract 512; Cook County; Illinois","1581",
"1400000US17031051300","Census Tract 513; Cook County; Illinois","2907",
"1400000US17031051400","Census Tract 514; Cook County; Illinois","2492",
"1400000US17031060100","Census Tract 601; Cook County; Illinois","2830",
"1400000US17031060200","Census Tract 602; Cook County; Illinois","2313",
"1400000US17031060300","Census Tract 603; Cook County; Illinois","3076",
"1400000US17031060400","Census Tract 604; Cook County; Illinois","3709",
"1400000US17031060500","Census Tract 605; Cook County; Illinois","1374",
"1400000US17031060800","Census Tract 608; Cook County; Illinois","5295",
"1400000US17031060900","Census Tract 609; Cook County; Illinois","7104",
"1400000US17031061000","Census Tract 610; Cook County; Illinois","2279",
"1400000US17031061100","Census Tract 611; Cook County; Illinois","1367",
"1400000US17031061200","Census Tract 612; Cook County; Illinois","1932",
"1400000US17031061500","Census Tract 615; Cook County; Illinois","1797",
"1400000US17031061800","Census Tract 618; Cook County; Illinois","1051",
"1400000US17031061901","Census Tract 619.01; Cook County; Illinois","3625",
"1400000US17031061902","Census Tract 619.02; Cook County; Illinois","4665",
"1400000US17031062000","Census Tract 620; Cook County; Illinois","2843",
"1400000US17031062100","Census Tract 621; Cook County; Illinois","3817",
"1400000US17031062200","Census Tract 622; Cook County; Illinois","3244",
"1400000US17031062300","Census Tract 623; Cook County; Illinois","1667",
"1400000US17031062400","Census Tract 624; Cook County; Illinois","1673",
"1400000US17031062500","Census Tract 625; Cook County; Illinois","1675",
"1400000US17031062600","Census Tract 626; Cook County; Illinois","2477",
"1400000US17031062700","Census Tract 627; Cook County; Illinois","2955",
"1400000US17031062800","Census Tract 628; Cook County; Illinois","3851",
"1400000US17031062900","Census Tract 629; Cook County; Illinois","4125",
"1400000US17031063000","Census Tract 630; Cook County; Illinois","3417",
"1400000US17031063100","Census Tract 631; Cook County; Illinois","2376",
"1400000US17031063200","Census Tract 632; Cook County; Illinois","6900",
"1400000US17031063301","Census Tract 633.01; Cook County; Illinois","2833",
"1400000US17031063302","Census Tract 633.02; Cook County; Illinois","4577",
"1400000US17031063303","Census Tract 633.03; Cook County; Illinois","1274",
"1400000US17031063400","Census Tract 634; Cook County; Illinois","2417",
"1400000US17031070101","Census Tract 701.01; Cook County; Illinois","4171",
"1400000US17031070102","Census Tract 701.02; Cook County; Illinois","3063",
"1400000US17031070103","Census Tract 701.03; Cook County; Illinois","1845",
"1400000US17031070200","Census Tract 702; Cook County; Illinois","4200",
"1400000US17031070300","Census Tract 703; Cook County; Illinois","4349",
"1400000US17031070400","Census Tract 704; Cook County; Illinois","3250",
"1400000US17031070500","Census Tract 705; Cook County; Illinois","3322",
"1400000US17031070600","Census Tract 706; Cook County; Illinois","3449",
"1400000US17031070700","Census Tract 707; Cook County; Illinois","3699",
"1400000US17031071000","Census Tract 710; Cook County; Illinois","4357",
"1400000US17031071100","Census Tract 711; Cook County; Illinois","3091",
"1400000US17031071200","Census Tract 712; Cook County; Illinois","2973",
"1400000US17031071300","Census Tract 713; Cook County; Illinois","3893",
"1400000US17031071400","Census Tract 714; Cook County; Illinois","4962",
"1400000US17031071500","Census Tract 715; Cook County; Illinois","6282",
"1400000US17031071600","Census Tract 716; Cook County; Illinois","1793",
"1400000US17031071700","Census Tract 717; Cook County; Illinois","1660",
"1400000US17031071800","Census Tract 718; Cook County; Illinois","2652",
"1400000US17031080100","Census Tract 801; Cook County; Illinois","6388",
"1400000US17031080201","Census Tract 802.01; Cook County; Illinois","3375",
"1400000US17031080202","Census Tract 802.02; Cook County; Illinois","4225",
"1400000US17031080300","Census Tract 803; Cook County; Illinois","5499",
"1400000US17031080400","Census Tract 804; Cook County; Illinois","4569",
"1400000US17031081000","Census Tract 810; Cook County; Illinois","8746",
"1400000US17031081100","Census Tract 811; Cook County; Illinois","4187",
"1400000US17031081201","Census Tract 812.01; Cook County; Illinois","5080",
"1400000US17031081202","Census Tract 812.02; Cook County; Illinois","3357",
"1400000US17031081300","Census Tract 813; Cook County; Illinois","5540",
"1400000US17031081401","Census Tract 814.01; Cook County; Illinois","2508",
"1400000US17031081402","Census Tract 814.02; Cook County; Illinois","7052",
"1400000US17031081403","Census Tract 814.03; Cook County; Illinois","9843",
"1400000US17031081500","Census Tract 815; Cook County; Illinois","5917",
"1400000US17031081600","Census Tract 816; Cook County; Illinois","4168",
"1400000US17031081700","Census Tract 817; Cook County; Illinois","5537",
"1400000US17031081800","Census Tract 818; Cook County; Illinois","11373",
"1400000US17031081900","Census Tract 819; Cook County; Illinois","1325",
"1400000US17031090100","Census Tract 901; Cook County; Illinois","3585",
"1400000US17031090200","Census Tract 902; Cook County; Illinois","6626",
"1400000US17031090300","Census Tract 903; Cook County; Illinois","1314",
"1400000US17031100100","Census Tract 1001; Cook County; Illinois","5538",
"1400000US17031100200","Census Tract 1002; Cook County; Illinois","7024",
"1400000US17031100300","Census Tract 1003; Cook County; Illinois","6252",
"1400000US17031100400","Census Tract 1004; Cook County; Illinois","3207",
"1400000US17031100500","Census Tract 1005; Cook County; Illinois","6116",
"1400000US17031100600","Census Tract 1006; Cook County; Illinois","4897",
"1400000US17031100700","Census Tract 1007; Cook County; Illinois","4967",
"1400000US17031110100","Census Tract 1101; Cook County; Illinois","5568",
"1400000US17031110200","Census Tract 1102; Cook County; Illinois","2772",
"1400000US17031110300","Census Tract 1103; Cook County; Illinois","5348",
"1400000US17031110400","Census Tract 1104; Cook County; Illinois","4522",
"1400000US17031110501","Census Tract 1105.01; Cook County; Illinois","4786",
"1400000US17031110502","Census Tract 1105.02; Cook County; Illinois","3220",
"1400000US17031120100","Census Tract 1201; Cook County; Illinois","4402",
"1400000US17031120200","Census Tract 1202; Cook County; Illinois","4748",
"1400000US17031120300","Census Tract 1203; Cook County; Illinois","6920",
"1400000US17031120400","Census Tract 1204; Cook County; Illinois","3526",
"1400000US17031130100","Census Tract 1301; Cook County; Illinois","5205",
"1400000US17031130200","Census Tract 1302; Cook County; Illinois","1403",
"1400000US17031130300","Census Tract 1303; Cook County; Illinois","5083",
"1400000US17031140100","Census Tract 1401; Cook County; Illinois","3464",
"1400000US17031140200","Census Tract 1402; Cook County; Illinois","5834",
"1400000US17031140301","Census Tract 1403.01; Cook County; Illinois","2693",
"1400000US17031140302","Census Tract 1403.02; Cook County; Illinois","4060",
"1400000US17031140400","Census Tract 1404; Cook County; Illinois","6503",
"1400000US17031140500","Census Tract 1405; Cook County; Illinois","3451",
"1400000US17031140601","Census Tract 1406.01; Cook County; Illinois","2545",
"1400000US17031140602","Census Tract 1406.02; Cook County; Illinois","5041",
"1400000US17031140701","Census Tract 1407.01; Cook County; Illinois","2784",
"1400000US17031140702","Census Tract 1407.02; Cook County; Illinois","5535",
"1400000US17031140800","Census Tract 1408; Cook County; Illinois","6486",
"1400000US17031150200","Census Tract 1502; Cook County; Illinois","7434",
"1400000US17031150300","Census Tract 1503; Cook County; Illinois","7120",
"1400000US17031150401","Census Tract 1504.01; Cook County; Illinois","4681",
"1400000US17031150402","Census Tract 1504.02; Cook County; Illinois","3831",
"1400000US17031150501","Census Tract 1505.01; Cook County; Illinois","3823",
"1400000US17031150502","Census Tract 1505.02; Cook County; Illinois","4239",
"1400000US17031150600","Census Tract 1506; Cook County; Illinois","3882",
"1400000US17031150700","Census Tract 1507; Cook County; Illinois","4429",
"1400000US17031150800","Census Tract 1508; Cook County; Illinois","4903",
"1400000US17031151001","Census Tract 1510.01; Cook County; Illinois","2833",
"1400000US17031151002","Census Tract 1510.02; Cook County; Illinois","4588",
"1400000US17031151100","Census Tract 1511; Cook County; Illinois","5140",
"1400000US17031151200","Census Tract 1512; Cook County; Illinois","3880",
"1400000US17031160100","Census Tract 1601; Cook County; Illinois","2444",
"1400000US17031160200","Census Tract 1602; Cook County; Illinois","3278",
"1400000US17031160300","Census Tract 1603; Cook County; Illinois","3769",
"1400000US17031160400","Census Tract 1604; Cook County; Illinois","4854",
"1400000US17031160501","Census Tract 1605.01; Cook County; Illinois","3703",
"1400000US17031160502","Census Tract 1605.02; Cook County; Illinois","3300",
"1400000US17031160601","Census Tract 1606.01; Cook County; Illinois","3380",
"1400000US17031160602","Census Tract 1606.02; Cook County; Illinois","3481",
"1400000US17031160700","Census Tract 1607; Cook County; Illinois","5766",
"1400000US17031160800","Census Tract 1608; Cook County; Illinois","4997",
"1400000US17031160900","Census Tract 1609; Cook County; Illinois","2410",
"1400000US17031161000","Census Tract 1610; Cook County; Illinois","1899",
"1400000US17031161100","Census Tract 1611; Cook County; Illinois","1940",
"1400000US17031161200","Census Tract 1612; Cook County; Illinois","2820",
"1400000US17031161300","Census Tract 1613; Cook County; Illinois","3899",
"1400000US17031170100","Census Tract 1701; Cook County; Illinois","2034",
"1400000US17031170200","Census Tract 1702; Cook County; Illinois","3812",
"1400000US17031170300","Census Tract 1703; Cook County; Illinois","5216",
"1400000US17031170400","Census Tract 1704; Cook County; Illinois","4141",
"1400000US17031170500","Census Tract 1705; Cook County; Illinois","5316",
"1400000US17031170600","Census Tract 1706; Cook County; Illinois","2551",
"1400000US17031170700","Census Tract 1707; Cook County; Illinois","3068",
"1400000US17031170800","Census Tract 1708; Cook County; Illinois","3799",
"1400000US17031170900","Census Tract 1709; Cook County; Illinois","1662",
"1400000US17031171000","Census Tract 1710; Cook County; Illinois","7313",
"1400000US17031171100","Census Tract 1711; Cook County; Illinois","4235",
"1400000US17031180100","Census Tract 1801; Cook County; Illinois","6656",
"1400000US17031190100","Census Tract 1901; Cook County; Illinois","2325",
"1400000US17031190200","Census Tract 1902; Cook County; Illinois","5652",
"1400000US17031190300","Census Tract 1903; Cook County; Illinois","5738",
"1400000US17031190401","Census Tract 1904.01; Cook County; Illinois","4325",
"1400000US17031190402","Census Tract 1904.02; Cook County; Illinois","5294",
"1400000US17031190601","Census Tract 1906.01; Cook County; Illinois","4382",
"1400000US17031190602","Census Tract 1906.02; Cook County; Illinois","5378",
"1400000US17031190701","Census Tract 1907.01; Cook County; Illinois","2972",
"1400000US17031190702","Census Tract 1907.02; Cook County; Illinois","4952",
"1400000US17031190800","Census Tract 1908; Cook County; Illinois","6831",
"1400000US17031190900","Census Tract 1909; Cook County; Illinois","1927",
"1400000US17031191000","Census Tract 1910; Cook County; Illinois","2422",
"1400000US17031191100","Census Tract 1911; Cook County; Illinois","7533",
"1400000US17031191200","Census Tract 1912; Cook County; Illinois","3810",
"1400000US17031191301","Census Tract 1913.01; Cook County; Illinois","5214",
"1400000US17031191302","Census Tract 1913.02; Cook County; Illinois","4940",
"1400000US17031200100","Census Tract 2001; Cook County; Illinois","4118",
"1400000US17031200200","Census Tract 2002; Cook County; Illinois","5162",
"1400000US17031200300","Census Tract 2003; Cook County; Illinois","2015",
"1400000US17031200401","Census Tract 2004.01; Cook County; Illinois","3743",
"1400000US17031200402","Census Tract 2004.02; Cook County; Illinois","4192",
"1400000US17031210100","Census Tract 2101; Cook County; Illinois","4066",
"1400000US17031210400","Census Tract 2104; Cook County; Illinois","2912",
"1400000US17031210501","Census Tract 2105.01; Cook County; Illinois","3555",
"1400000US17031210502","Census Tract 2105.02; Cook County; Illinois","4099",
"1400000US17031210601","Census Tract 2106.01; Cook County; Illinois","2717",
"1400000US17031210602","Census Tract 2106.02; Cook County; Illinois","4148",
"1400000US17031210700","Census Tract 2107; Cook County; Illinois","3907",
"1400000US17031210800","Census Tract 2108; Cook County; Illinois","986",
"1400000US17031210900","Census Tract 2109; Cook County; Illinois","3170",
"1400000US17031220300","Census Tract 2203; Cook County; Illinois","2207",
"1400000US17031220400","Census Tract 2204; Cook County; Illinois","2579",
"1400000US17031220500","Census Tract 2205; Cook County; Illinois","2751",
"1400000US17031220601","Census Tract 2206.01; Cook County; Illinois","1635",
"1400000US17031220602","Census Tract 2206.02; Cook County; Illinois","4877",
"1400000US17031220701","Census Tract 2207.01; Cook County; Illinois","2920",
"1400000US17031220702","Census Tract 2207.02; Cook County; Illinois","3653",
"1400000US17031220901","Census Tract 2209.01; Cook County; Illinois","2903",
"1400000US17031220902","Census Tract 2209.02; Cook County; Illinois","2959",
"1400000US17031221000","Census Tract 2210; Cook County; Illinois","2432",
"1400000US17031221100","Census Tract 2211; Cook County; Illinois","4440",
"1400000US17031221200","Census Tract 2212; Cook County; Illinois","2954",
"1400000US17031221300","Census Tract 2213; Cook County; Illinois","3062",
"1400000US17031221400","Census Tract 2214; Cook County; Illinois","3385",
"1400000US17031221500","Census Tract 2215; Cook County; Illinois","2909",
"1400000US17031221600","Census Tract 2216; Cook County; Illinois","3159",
"1400000US17031222200","Census Tract 2222; Cook County; Illinois","2156",
"1400000US17031222500","Census Tract 2225; Cook County; Illinois","1415",
"1400000US17031222600","Census Tract 2226; Cook County; Illinois","1599",
"1400000US17031222700","Census Tract 2227; Cook County; Illinois","2082",
"1400000US17031222800","Census Tract 2228; Cook County; Illinois","960",
"1400000US17031222900","Census Tract 2229; Cook County; Illinois","1089",
"1400000US17031230100","Census Tract 2301; Cook County; Illinois","1504",
"1400000US17031230200","Census Tract 2302; Cook County; Illinois","1834",
"1400000US17031230300","Census Tract 2303; Cook County; Illinois","956",
"1400000US17031230400","Census Tract 2304; Cook County; Illinois","2235",
"1400000US17031230500","Census Tract 2305; Cook County; Illinois","3419",
"1400000US17031230600","Census Tract 2306; Cook County; Illinois","6817",
"1400000US17031230700","Census Tract 2307; Cook County; Illinois","6218",
"1400000US17031230800","Census Tract 2308; Cook County; Illinois","1234",
"1400000US17031230900","Census Tract 2309; Cook County; Illinois","5044",
"1400000US17031231100","Census Tract 2311; Cook County; Illinois","1214",
"1400000US17031231200","Census Tract 2312; Cook County; Illinois","5983",
"1400000US17031231500","Census Tract 2315; Cook County; Illinois","5655",
"1400000US17031240200","Census Tract 2402; Cook County; Illinois","1556",
"1400000US17031240300","Census Tract 2403; Cook County; Illinois","1362",
"1400000US17031240500","Census Tract 2405; Cook County; Illinois","2610",
"1400000US17031240600","Census Tract 2406; Cook County; Illinois","1489",
"1400000US17031240700","Census Tract 2407; Cook County; Illinois","1499",
"1400000US17031240800","Census Tract 2408; Cook County; Illinois","1687",
"1400000US17031240900","Census Tract 2409; Cook County; Illinois","1122",
"1400000US17031241000","Census Tract 2410; Cook County; Illinois","2363",
"1400000US17031241100","Census Tract 2411; Cook County; Illinois","3574",
"1400000US17031241200","Census Tract 2412; Cook County; Illinois","1714",
"1400000US17031241300","Census Tract 2413; Cook County; Illinois","1848",
"1400000US17031241400","Census Tract 2414; Cook County; Illinois","5273",
"1400000US17031241500","Census Tract 2415; Cook County; Illinois","2954",
"1400000US17031241600","Census Tract 2416; Cook County; Illinois","3534",
"1400000US17031242000","Census Tract 2420; Cook County; Illinois","4692",
"1400000US17031242100","Census Tract 2421; Cook County; Illinois","3976",
"1400000US17031242200","Census Tract 2422; Cook County; Illinois","4082",
"1400000US17031242300","Census Tract 2423; Cook County; Illinois","3568",
"1400000US17031242400","Census Tract 2424; Cook County; Illinois","2902",
"1400000US17031242500","Census Tract 2425; Cook County; Illinois","3426",
"1400000US17031242600","Census Tract 2426; Cook County; Illinois","5665",
"1400000US17031242700","Census Tract 2427; Cook County; Illinois","1938",
"1400000US17031242800","Census Tract 2428; Cook County; Illinois","1507",
"1400000US17031242900","Census Tract 2429; Cook County; Illinois","1962",
"1400000US17031243000","Census Tract 2430; Cook County; Illinois","2234",
"1400000US17031243100","Census Tract 2431; Cook County; Illinois","2249",
"1400000US17031243200","Census Tract 2432; Cook County; Illinois","2287",
"1400000US17031243300","Census Tract 2433; Cook County; Illinois","2431",
"1400000US17031243400","Census Tract 2434; Cook County; Illinois","2880",
"1400000US17031243500","Census Tract 2435; Cook County; Illinois","4746",
"1400000US17031250200","Census Tract 2502; Cook County; Illinois","2779",
"1400000US17031250300","Census Tract 2503; Cook County; Illinois","4742",
"1400000US17031250400","Census Tract 2504; Cook County; Illinois","5789",
"1400000US17031250500","Census Tract 2505; Cook County; Illinois","7315",
"1400000US17031250600","Census Tract 2506; Cook County; Illinois","4203",
"1400000US17031250700","Census Tract 2507; Cook County; Illinois","5932",
"1400000US17031250800","Census Tract 2508; Cook County; Illinois","2432",
"1400000US17031251000","Census Tract 2510; Cook County; Illinois","1075",
"1400000US17031251100","Census Tract 2511; Cook County; Illinois","4468",
"1400000US17031251200","Census Tract 2512; Cook County; Illinois","3910",
"1400000US17031251300","Census Tract 2513; Cook County; Illinois","5098",
"1400000US17031251400","Census Tract 2514; Cook County; Illinois","3986",
"1400000US17031251500","Census Tract 2515; Cook County; Illinois","4342",
"1400000US17031251600","Census Tract 2516; Cook County; Illinois","3522",
"1400000US17031251700","Census Tract 2517; Cook County; Illinois","1347",
"1400000US17031251800","Census Tract 2518; Cook County; Illinois","5101",
"1400000US17031251900","Census Tract 2519; Cook County; Illinois","5387",
"1400000US17031252000","Census Tract 2520; Cook County; Illinois","5646",
"1400000US17031252101","Census Tract 2521.01; Cook County; Illinois","1502",
"1400000US17031252102","Census Tract 2521.02; Cook County; Illinois","6187",
"1400000US17031252201","Census Tract 2522.01; Cook County; Illinois","2940",
"1400000US17031252202","Census Tract 2522.02; Cook County; Illinois","4783",
"1400000US17031260100","Census Tract 2601; Cook County; Illinois","1477",
"1400000US17031260200","Census Tract 2602; Cook County; Illinois","1054",
"1400000US17031260300","Census Tract 2603; Cook County; Illinois","1528",
"1400000US17031260400","Census Tract 2604; Cook County; Illinois","1398",
"1400000US17031260500","Census Tract 2605; Cook County; Illinois","1833",
"1400000US17031260600","Census Tract 2606; Cook County; Illinois","2114",
"1400000US17031260700","Census Tract 2607; Cook County; Illinois","1691",
"1400000US17031260800","Census Tract 2608; Cook County; Illinois","2271",
"1400000US17031260900","Census Tract 2609; Cook County; Illinois","1778",
"1400000US17031261000","Census Tract 2610; Cook County; Illinois","2289",
"1400000US17031270500","Census Tract 2705; Cook County; Illinois","1619",
"1400000US17031271200","Census Tract 2712; Cook County; Illinois","1172",
"1400000US17031271300","Census Tract 2713; Cook County; Illinois","1060",
"1400000US17031271400","Census Tract 2714; Cook County; Illinois","1535",
"1400000US17031271500","Census Tract 2715; Cook County; Illinois","1373",
"1400000US17031271800","Census Tract 2718; Cook County; Illinois","976",
"1400000US17031280100","Census Tract 2801; Cook County; Illinois","7421",
"1400000US17031280400","Census Tract 2804; Cook County; Illinois","1231",
"1400000US17031280800","Census Tract 2808; Cook County; Illinois","1198",
"1400000US17031280900","Census Tract 2809; Cook County; Illinois","1077",
"1400000US17031281900","Census Tract 2819; Cook County; Illinois","7031",
"1400000US17031282700","Census Tract 2827; Cook County; Illinois","2558",
"1400000US17031282800","Census Tract 2828; Cook County; Illinois","1634",
"1400000US17031283100","Census Tract 2831; Cook County; Illinois","2717",
"1400000US17031283200","Census Tract 2832; Cook County; Illinois","1670",
"1400000US17031283800","Census Tract 2838; Cook County; Illinois","3343",
"1400000US17031290900","Census Tract 2909; Cook County; Illinois","3975",
"1400000US17031291200","Census Tract 2912; Cook County; Illinois","2286",
"1400000US17031291600","Census Tract 2916; Cook County; Illinois","874",
"1400000US17031292200","Census Tract 2922; Cook County; Illinois","2942",
"1400000US17031292400","Census Tract 2924; Cook County; Illinois","2041",
"1400000US17031292500","Census Tract 2925; Cook County; Illinois","4057",
"1400000US17031300500","Census Tract 3005; Cook County; Illinois","3243",
"1400000US17031300600","Census Tract 3006; Cook County; Illinois","3253",
"1400000US17031300700","Census Tract 3007; Cook County; Illinois","4798",
"1400000US17031300800","Census Tract 3008; Cook County; Illinois","4136",
"1400000US17031300900","Census Tract 3009; Cook County; Illinois","4553",
"1400000US17031301100","Census Tract 3011; Cook County; Illinois","2323",
"1400000US17031301200","Census Tract 3012; Cook County; Illinois","4087",
"1400000US17031301600","Census Tract 3016; Cook County; Illinois","4995",
"1400000US17031301701","Census Tract 3017.01; Cook County; Illinois","4279",
"1400000US17031301702","Census Tract 3017.02; Cook County; Illinois","4121",
"1400000US17031301801","Census Tract 3018.01; Cook County; Illinois","3947",
"1400000US17031301802","Census Tract 3018.02; Cook County; Illinois","3376",
"1400000US17031301803","Census Tract 3018.03; Cook County; Illinois","5107",
"1400000US17031310200","Census Tract 3102; Cook County; Illinois","1588",
"1400000US17031310300","Census Tract 3103; Cook County; Illinois","1767",
"1400000US17031310400","Census Tract 3104; Cook County; Illinois","1375",
"1400000US17031310500","Census Tract 3105; Cook County; Illinois","1399",
"1400000US17031310600","Census Tract 3106; Cook County; Illinois","5498",
"1400000US17031310700","Census Tract 3107; Cook County; Illinois","1700",
"1400000US17031310800","Census Tract 3108; Cook County; Illinois","4175",
"1400000US17031310900","Census Tract 3109; Cook County; Illinois","4781",
"1400000US17031320101","Census Tract 3201.01; Cook County; Illinois","9532",
"1400000US17031320102","Census Tract 3201.02; Cook County; Illinois","4846",
"1400000US17031320400","Census Tract 3204; Cook County; Illinois","2856",
"1400000US17031320600","Census Tract 3206; Cook County; Illinois","6395",
"1400000US17031330101","Census Tract 3301.01; Cook County; Illinois","4592",
"1400000US17031330102","Census Tract 3301.02; Cook County; Illinois","10811",
"1400000US17031330103","Census Tract 3301.03; Cook County; Illinois","8248",
"1400000US17031330200","Census Tract 3302; Cook County; Illinois","4008",
"1400000US17031340300","Census Tract 3403; Cook County; Illinois","1865",
"1400000US17031340400","Census Tract 3404; Cook County; Illinois","1844",
"1400000US17031340500","Census Tract 3405; Cook County; Illinois","1629",
"1400000US17031340600","Census Tract 3406; Cook County; Illinois","1151",
"1400000US17031350100","Census Tract 3501; Cook County; Illinois","2228",
"1400000US17031350400","Census Tract 3504; Cook County; Illinois","1512",
"1400000US17031351000","Census Tract 3510; Cook County; Illinois","3640",
"1400000US17031351100","Census Tract 3511; Cook County; Illinois","2038",
"1400000US17031351400","Census Tract 3514; Cook County; Illinois","1392",
"1400000US17031351500","Census Tract 3515; Cook County; Illinois","823",
"1400000US17031360200","Census Tract 3602; Cook County; Illinois","1651",
"1400000US17031380100","Census Tract 3801; Cook County; Illinois","2207",
"1400000US17031380200","Census Tract 3802; Cook County; Illinois","2408",
"1400000US17031380600","Census Tract 3806; Cook County; Illinois","3947",
"1400000US17031381200","Census Tract 3812; Cook County; Illinois","2077",
"1400000US17031381400","Census Tract 3814; Cook County; Illinois","1796",
"1400000US17031381500","Census Tract 3815; Cook County; Illinois","667",
"1400000US17031381700","Census Tract 3817; Cook County; Illinois","18",
"1400000US17031381800","Census Tract 3818; Cook County; Illinois","1462",
"1400000US17031381900","Census Tract 3819; Cook County; Illinois","1106",
"1400000US17031390100","Census Tract 3901; Cook County; Illinois","1553",
"1400000US17031390200","Census Tract 3902; Cook County; Illinois","1883",
"1400000US17031390300","Census Tract 3903; Cook County; Illinois","2617",
"1400000US17031390400","Census Tract 3904; Cook County; Illinois","2871",
"1400000US17031390500","Census Tract 3905; Cook County; Illinois","1666",
"1400000US17031390600","Census Tract 3906; Cook County; Illinois","1994",
"1400000US17031390700","Census Tract 3907; Cook County; Illinois","6532",
"1400000US17031400300","Census Tract 4003; Cook County; Illinois","1504",
"1400000US17031400400","Census Tract 4004; Cook County; Illinois","1995",
"1400000US17031400500","Census Tract 4005; Cook County; Illinois","2372",
"1400000US17031400800","Census Tract 4008; Cook County; Illinois","3178",
"1400000US17031410100","Census Tract 4101; Cook County; Illinois","2272",
"1400000US17031410200","Census Tract 4102; Cook County; Illinois","1165",
"1400000US17031410500","Census Tract 4105; Cook County; Illinois","2922",
"1400000US17031410600","Census Tract 4106; Cook County; Illinois","2371",
"1400000US17031410700","Census Tract 4107; Cook County; Illinois","2399",
"1400000US17031410800","Census Tract 4108; Cook County; Illinois","2993",
"1400000US17031410900","Census Tract 4109; Cook County; Illinois","3670",
"1400000US17031411000","Census Tract 4110; Cook County; Illinois","3902",
"1400000US17031411100","Census Tract 4111; Cook County; Illinois","2379",
"1400000US17031411200","Census Tract 4112; Cook County; Illinois","1713",
"1400000US17031420100","Census Tract 4201; Cook County; Illinois","1642",
"1400000US17031420200","Census Tract 4202; Cook County; Illinois","1781",
"1400000US17031420300","Census Tract 4203; Cook County; Illinois","2818",
"1400000US17031420400","Census Tract 4204; Cook County; Illinois","1544",
"1400000US17031420500","Census Tract 4205; Cook County; Illinois","2053",
"1400000US17031420600","Census Tract 4206; Cook County; Illinois","2524",
"1400000US17031420700","Census Tract 4207; Cook County; Illinois","3021",
"1400000US17031420800","Census Tract 4208; Cook County; Illinois","2457",
"1400000US17031421200","Census Tract 4212; Cook County; Illinois","1405",
"1400000US17031430101","Census Tract 4301.01; Cook County; Illinois","4091",
"1400000US17031430102","Census Tract 4301.02; Cook County; Illinois","3104",
"1400000US17031430200","Census Tract 4302; Cook County; Illinois","5086",
"1400000US17031430300","Census Tract 4303; Cook County; Illinois","2558",
"1400000US17031430400","Census Tract 4304; Cook County; Illinois","3031",
"1400000US17031430500","Census Tract 4305; Cook County; Illinois","4098",
"1400000US17031430600","Census Tract 4306; Cook County; Illinois","1670",
"1400000US17031430700","Census Tract 4307; Cook County; Illinois","2175",
"1400000US17031430800","Census Tract 4308; Cook County; Illinois","1862",
"1400000US17031430900","Census Tract 4309; Cook County; Illinois","1797",
"1400000US17031431200","Census Tract 4312; Cook County; Illinois","2898",
"1400000US17031431301","Census Tract 4313.01; Cook County; Illinois","3590",
"1400000US17031431302","Census Tract 4313.02; Cook County; Illinois","4351",
"1400000US17031431400","Census Tract 4314; Cook County; Illinois","6716",
"1400000US17031440101","Census Tract 4401.01; Cook County; Illinois","4171",
"1400000US17031440102","Census Tract 4401.02; Cook County; Illinois","3633",
"1400000US17031440201","Census Tract 4402.01; Cook County; Illinois","5054",
"1400000US17031440202","Census Tract 4402.02; Cook County; Illinois","3525",
"1400000US17031440300","Census Tract 4403; Cook County; Illinois","4677",
"1400000US17031440600","Census Tract 4406; Cook County; Illinois","1996",
"1400000US17031440700","Census Tract 4407; Cook County; Illinois","1497",
"1400000US17031440800","Census Tract 4408; Cook County; Illinois","1620",
"1400000US17031440900","Census Tract 4409; Cook County; Illinois","2462",
"1400000US17031450300","Census Tract 4503; Cook County; Illinois","3252",
"1400000US17031460100","Census Tract 4601; Cook County; Illinois","2840",
"1400000US17031460200","Census Tract 4602; Cook County; Illinois","1948",
"1400000US17031460301","Census Tract 4603.01; Cook County; Illinois","2987",
"1400000US17031460302","Census Tract 4603.02; Cook County; Illinois","3282",
"1400000US17031460400","Census Tract 4604; Cook County; Illinois","3411",
"1400000US17031460500","Census Tract 4605; Cook County; Illinois","5400",
"1400000US17031460800","Census Tract 4608; Cook County; Illinois","3639",
"1400000US17031461000","Census Tract 4610; Cook County; Illinois","1460",
"1400000US17031470100","Census Tract 4701; Cook County; Illinois","2527",
"1400000US17031480100","Census Tract 4801; Cook County; Illinois","2001",
"1400000US17031480200","Census Tract 4802; Cook County; Illinois","1103",
"1400000US17031480300","Census Tract 4803; Cook County; Illinois","1348",
"1400000US17031480400","Census Tract 4804; Cook County; Illinois","5650",
"1400000US17031480500","Census Tract 4805; Cook County; Illinois","2986",
"1400000US17031490200","Census Tract 4902; Cook County; Illinois","3040",
"1400000US17031490500","Census Tract 4905; Cook County; Illinois","1995",
"1400000US17031490600","Census Tract 4906; Cook County; Illinois","1443",
"1400000US17031490700","Census Tract 4907; Cook County; Illinois","2656",
"1400000US17031490800","Census Tract 4908; Cook County; Illinois","3502",
"1400000US17031490901","Census Tract 4909.01; Cook County; Illinois","3403",
"1400000US17031490902","Census Tract 4909.02; Cook County; Illinois","4647",
"1400000US17031491000","Census Tract 4910; Cook County; Illinois","3807",
"1400000US17031491100","Census Tract 4911; Cook County; Illinois","4079",
"1400000US17031491200","Census Tract 4912; Cook County; Illinois","2019",
"1400000US17031491300","Census Tract 4913; Cook County; Illinois","2023",
"1400000US17031491400","Census Tract 4914; Cook County; Illinois","2593",
"1400000US17031500100","Census Tract 5001; Cook County; Illinois","3545",
"1400000US17031500200","Census Tract 5002; Cook County; Illinois","1688",
"1400000US17031500300","Census Tract 5003; Cook County; Illinois","1587",
"1400000US17031510100","Census Tract 5101; Cook County; Illinois","3231",
"1400000US17031510200","Census Tract 5102; Cook County; Illinois","2922",
"1400000US17031510300","Census Tract 5103; Cook County; Illinois","4850",
"1400000US17031520100","Census Tract 5201; Cook County; Illinois","1745",
"1400000US17031520200","Census Tract 5202; Cook County; Illinois","3338",
"1400000US17031520300","Census Tract 5203; Cook County; Illinois","5675",
"1400000US17031520400","Census Tract 5204; Cook County; Illinois","4055",
"1400000US17031520500","Census Tract 5205; Cook County; Illinois","4420",
"1400000US17031520600","Census Tract 5206; Cook County; Illinois","2530",
"1400000US17031530100","Census Tract 5301; Cook County; Illinois","2197",
"1400000US17031530200","Census Tract 5302; Cook County; Illinois","4128",
"1400000US17031530300","Census Tract 5303; Cook County; Illinois","3964",
"1400000US17031530400","Census Tract 5304; Cook County; Illinois","2059",
"1400000US17031530501","Census Tract 5305.01; Cook County; Illinois","4514",
"1400000US17031530502","Census Tract 5305.02; Cook County; Illinois","1570",
"1400000US17031530503","Census Tract 5305.03; Cook County; Illinois","4898",
"1400000US17031530600","Census Tract 5306; Cook County; Illinois","2774",
"1400000US17031540101","Census Tract 5401.01; Cook County; Illinois","4324",
"1400000US17031540102","Census Tract 5401.02; Cook County; Illinois","2938",
"1400000US17031550100","Census Tract 5501; Cook County; Illinois","7019",
"1400000US17031550200","Census Tract 5502; Cook County; Illinois","2969",
"1400000US17031560100","Census Tract 5601; Cook County; Illinois","1477",
"1400000US17031560200","Census Tract 5602; Cook County; Illinois","1710",
"1400000US17031560300","Census Tract 5603; Cook County; Illinois","3253",
"1400000US17031560400","Census Tract 5604; Cook County; Illinois","1630",
"1400000US17031560700","Census Tract 5607; Cook County; Illinois","3635",
"1400000US17031560800","Census Tract 5608; Cook County; Illinois","5682",
"1400000US17031560900","Census Tract 5609; Cook County; Illinois","5112",
"1400000US17031561000","Census Tract 5610; Cook County; Illinois","5308",
"1400000US17031561100","Census Tract 5611; Cook County; Illinois","5581",
"1400000US17031570100","Census Tract 5701; Cook County; Illinois","1316",
"1400000US17031570200","Census Tract 5702; Cook County; Illinois","2096",
"1400000US17031570300","Census Tract 5703; Cook County; Illinois","6376",
"1400000US17031570400","Census Tract 5704; Cook County; Illinois","1769",
"1400000US17031570500","Census Tract 5705; Cook County; Illinois","2639",
"1400000US17031580100","Census Tract 5801; Cook County; Illinois","3228",
"1400000US17031580200","Census Tract 5802; Cook County; Illinois","3466",
"1400000US17031580300","Census Tract 5803; Cook County; Illinois","2577",
"1400000US17031580400","Census Tract 5804; Cook County; Illinois","4546",
"1400000US17031580501","Census Tract 5805.01; Cook County; Illinois","5170",
"1400000US17031580502","Census Tract 5805.02; Cook County; Illinois","5345",
"1400000US17031580600","Census Tract 5806; Cook County; Illinois","5405",
"1400000US17031580700","Census Tract 5807; Cook County; Illinois","5621",
"1400000US17031580800","Census Tract 5808; Cook County; Illinois","2058",
"1400000US17031590500","Census Tract 5905; Cook County; Illinois","1854",
"1400000US17031590600","Census Tract 5906; Cook County; Illinois","3477",
"1400000US17031590700","Census Tract 5907; Cook County; Illinois","3027",
"1400000US17031600400","Census Tract 6004; Cook County; Illinois","4297",
"1400000US17031600600","Census Tract 6006; Cook County; Illinois","2988",
"1400000US17031600700","Census Tract 6007; Cook County; Illinois","2591",
"1400000US17031600900","Census Tract 6009; Cook County; Illinois","3682",
"1400000US17031610300","Census Tract 6103; Cook County; Illinois","5410",
"1400000US17031610400","Census Tract 6104; Cook County; Illinois","2029",
"1400000US17031610800","Census Tract 6108; Cook County; Illinois","1512",
"1400000US17031611200","Census Tract 6112; Cook County; Illinois","2680",
"1400000US17031611300","Census Tract 6113; Cook County; Illinois","3668",
"1400000US17031611400","Census Tract 6114; Cook County; Illinois","3737",
"1400000US17031611500","Census Tract 6115; Cook County; Illinois","3587",
"1400000US17031611600","Census Tract 6116; Cook County; Illinois","1921",
"1400000US17031611700","Census Tract 6117; Cook County; Illinois","2180",
"1400000US17031611800","Census Tract 6118; Cook County; Illinois","2205",
"1400000US17031611900","Census Tract 6119; Cook County; Illinois","1984",
"1400000US17031612000","Census Tract 6120; Cook County; Illinois","1448",
"1400000US17031612100","Census Tract 6121; Cook County; Illinois","1168",
"1400000US17031612200","Census Tract 6122; Cook County; Illinois","3939",
"1400000US17031620100","Census Tract 6201; Cook County; Illinois","4567",
"1400000US17031620200","Census Tract 6202; Cook County; Illinois","2390",
"1400000US17031620300","Census Tract 6203; Cook County; Illinois","6410",
"1400000US17031620400","Census Tract 6204; Cook County; Illinois","5027",
"1400000US17031630300","Census Tract 6303; Cook County; Illinois","5385",
"1400000US17031630400","Census Tract 6304; Cook County; Illinois","7204",
"1400000US17031630500","Census Tract 6305; Cook County; Illinois","6271",
"1400000US17031630600","Census Tract 6306; Cook County; Illinois","3250",
"1400000US17031630800","Census Tract 6308; Cook County; Illinois","6641",
"1400000US17031630900","Census Tract 6309; Cook County; Illinois","5204",
"1400000US17031640100","Census Tract 6401; Cook County; Illinois","1312",
"1400000US17031640300","Census Tract 6403; Cook County; Illinois","6710",
"1400000US17031640400","Census Tract 6404; Cook County; Illinois","3390",
"1400000US17031640500","Census Tract 6405; Cook County; Illinois","3896",
"1400000US17031640600","Census Tract 6406; Cook County; Illinois","4063",
"1400000US17031640700","Census Tract 6407; Cook County; Illinois","3298",
"1400000US17031640800","Census Tract 6408; Cook County; Illinois","1799",
"1400000US17031650100","Census Tract 6501; Cook County; Illinois","4765",
"1400000US17031650200","Census Tract 6502; Cook County; Illinois","7251",
"1400000US17031650301","Census Tract 6503.01; Cook County; Illinois","5829",
"1400000US17031650302","Census Tract 6503.02; Cook County; Illinois","4522",
"1400000US17031650400","Census Tract 6504; Cook County; Illinois","6894",
"1400000US17031650500","Census Tract 6505; Cook County; Illinois","4401",
"1400000US17031660301","Census Tract 6603.01; Cook County; Illinois","1850",
"1400000US17031660302","Census Tract 6603.02; Cook County; Illinois","5549",
"1400000US17031660400","Census Tract 6604; Cook County; Illinois","5692",
"1400000US17031660500","Census Tract 6605; Cook County; Illinois","5013",
"1400000US17031660600","Census Tract 6606; Cook County; Illinois","6404",
"1400000US17031660700","Census Tract 6607; Cook County; Illinois","2076",
"1400000US17031660800","Census Tract 6608; Cook County; Illinois","6114",
"1400000US17031660900","Census Tract 6609; Cook County; Illinois","4446",
"1400000US17031661000","Census Tract 6610; Cook County; Illinois","5756",
"1400000US17031661100","Census Tract 6611; Cook County; Illinois","6633",
"1400000US17031670100","Census Tract 6701; Cook County; Illinois","1349",
"1400000US17031670200","Census Tract 6702; Cook County; Illinois","1325",
"1400000US17031670300","Census Tract 6703; Cook County; Illinois","1287",
"1400000US17031670400","Census Tract 6704; Cook County; Illinois","1585",
"1400000US17031670500","Census Tract 6705; Cook County; Illinois","1148",
"1400000US17031670600","Census Tract 6706; Cook County; Illinois","1339",
"1400000US17031670700","Census Tract 6707; Cook County; Illinois","1252",
"1400000US17031670800","Census Tract 6708; Cook County; Illinois","1477",
"1400000US17031670900","Census Tract 6709; Cook County; Illinois","1172",
"1400000US17031671100","Census Tract 6711; Cook County; Illinois","994",
"1400000US17031671200","Census Tract 6712; Cook County; Illinois","980",
"1400000US17031671300","Census Tract 6713; Cook County; Illinois","2048",
"1400000US17031671400","Census Tract 6714; Cook County; Illinois","1558",
"1400000US17031671500","Census Tract 6715; Cook County; Illinois","2716",
"1400000US17031671600","Census Tract 6716; Cook County; Illinois","1804",
"1400000US17031671800","Census Tract 6718; Cook County; Illinois","1142",
"1400000US17031671900","Census Tract 6719; Cook County; Illinois","1122",
"1400000US17031672000","Census Tract 6720; Cook County; Illinois","3397",
"1400000US17031680500","Census Tract 6805; Cook County; Illinois","1307",
"1400000US17031680600","Census Tract 6806; Cook County; Illinois","1165",
"1400000US17031680900","Census Tract 6809; Cook County; Illinois","3573",
"1400000US17031681000","Census Tract 6810; Cook County; Illinois","2573",
"1400000US17031681100","Census Tract 6811; Cook County; Illinois","2873",
"1400000US17031681200","Census Tract 6812; Cook County; Illinois","2353",
"1400000US17031681300","Census Tract 6813; Cook County; Illinois","2182",
"1400000US17031681400","Census Tract 6814; Cook County; Illinois","2474",
"1400000US17031690300","Census Tract 6903; Cook County; Illinois","2302",
"1400000US17031690400","Census Tract 6904; Cook County; Illinois","3363",
"1400000US17031690500","Census Tract 6905; Cook County; Illinois","992",
"1400000US17031690900","Census Tract 6909; Cook County; Illinois","4250",
"1400000US17031691000","Census Tract 6910; Cook County; Illinois","2668",
"1400000US17031691100","Census Tract 6911; Cook County; Illinois","2980",
"1400000US17031691200","Census Tract 6912; Cook County; Illinois","2277",
"1400000US17031691300","Census Tract 6913; Cook County; Illinois","2374",
"1400000US17031691400","Census Tract 6914; Cook County; Illinois","3411",
"1400000US17031691500","Census Tract 6915; Cook County; Illinois","1806",
"1400000US17031700100","Census Tract 7001; Cook County; Illinois","3326",
"1400000US17031700200","Census Tract 7002; Cook County; Illinois","6554",
"1400000US17031700301","Census Tract 7003.01; Cook County; Illinois","5762",
"1400000US17031700302","Census Tract 7003.02; Cook County; Illinois","5662",
"1400000US17031700401","Census Tract 7004.01; Cook County; Illinois","5822",
"1400000US17031700402","Census Tract 7004.02; Cook County; Illinois","4082",
"1400000US17031700501","Census Tract 7005.01; Cook County; Illinois","6912",
"1400000US17031700502","Census Tract 7005.02; Cook County; Illinois","2978",
"1400000US17031710100","Census Tract 7101; Cook County; Illinois","1015",
"1400000US17031710200","Census Tract 7102; Cook County; Illinois","4635",
"1400000US17031710300","Census Tract 7103; Cook County; Illinois","1424",
"1400000US17031710400","Census Tract 7104; Cook County; Illinois","5424",
"1400000US17031710500","Census Tract 7105; Cook County; Illinois","4036",
"1400000US17031710600","Census Tract 7106; Cook County; Illinois","1706",
"1400000US17031710700","Census Tract 7107; Cook County; Illinois","3420",
"1400000US17031710800","Census Tract 7108; Cook County; Illinois","4804",
"1400000US17031710900","Census Tract 7109; Cook County; Illinois","1942",
"1400000US17031711000","Census Tract 7110; Cook County; Illinois","3058",
"1400000US17031711100","Census Tract 7111; Cook County; Illinois","2499",
"1400000US17031711200","Census Tract 7112; Cook County; Illinois","4687",
"1400000US17031711300","Census Tract 7113; Cook County; Illinois","1462",
"1400000US17031711400","Census Tract 7114; Cook County; Illinois","2394",
"1400000US17031711500","Census Tract 7115; Cook County; Illinois","2372",
"1400000US17031720100","Census Tract 7201; Cook County; Illinois","3344",
"1400000US17031720200","Census Tract 7202; Cook County; Illinois","4131",
"1400000US17031720300","Census Tract 7203; Cook County; Illinois","3637",
"1400000US17031720400","Census Tract 7204; Cook County; Illinois","1961",
"1400000US17031720500","Census Tract 7205; Cook County; Illinois","2086",
"1400000US17031720600","Census Tract 7206; Cook County; Illinois","1691",
"1400000US17031720700","Census Tract 7207; Cook County; Illinois","3073",
"1400000US17031730100","Census Tract 7301; Cook County; Illinois","2462",
"1400000US17031730201","Census Tract 7302.01; Cook County; Illinois","5627",
"1400000US17031730202","Census Tract 7302.02; Cook County; Illinois","2893",
"1400000US17031730300","Census Tract 7303; Cook County; Illinois","1046",
"1400000US17031730400","Census Tract 7304; Cook County; Illinois","3386",
"1400000US17031730500","Census Tract 7305; Cook County; Illinois","4220",
"1400000US17031730600","Census Tract 7306; Cook County; Illinois","3254",
"1400000US17031730700","Census Tract 7307; Cook County; Illinois","2281",
"1400000US17031740100","Census Tract 7401; Cook County; Illinois","3234",
"1400000US17031740200","Census Tract 7402; Cook County; Illinois","5830",
"1400000US17031740300","Census Tract 7403; Cook County; Illinois","4869",
"1400000US17031740400","Census Tract 7404; Cook County; Illinois","4695",
"1400000US17031750100","Census Tract 7501; Cook County; Illinois","3736",
"1400000US17031750200","Census Tract 7502; Cook County; Illinois","3024",
"1400000US17031750300","Census Tract 7503; Cook County; Illinois","2470",
"1400000US17031750400","Census Tract 7504; Cook County; Illinois","2909",
"1400000US17031750500","Census Tract 7505; Cook County; Illinois","5618",
"1400000US17031750600","Census Tract 7506; Cook County; Illinois","3420",
"1400000US17031760801","Census Tract 7608.01; Cook County; Illinois","4403",
"1400000US17031760802","Census Tract 7608.02; Cook County; Illinois","2374",
"1400000US17031760803","Census Tract 7608.03; Cook County; Illinois","6394",
"1400000US17031770201","Census Tract 7702.01; Cook County; Illinois","5894",
"1400000US17031770202","Census Tract 7702.02; Cook County; Illinois","5060",
"1400000US17031770300","Census Tract 7703; Cook County; Illinois","7234",
"1400000US17031770400","Census Tract 7704; Cook County; Illinois","4375",
"1400000US17031770500","Census Tract 7705; Cook County; Illinois","4632",
"1400000US17031770601","Census Tract 7706.01; Cook County; Illinois","3272",
"1400000US17031770602","Census Tract 7706.02; Cook County; Illinois","4762",
"1400000US17031770700","Census Tract 7707; Cook County; Illinois","2537",
"1400000US17031770800","Census Tract 7708; Cook County; Illinois","5661",
"1400000US17031770901","Census Tract 7709.01; Cook County; Illinois","5245",
"1400000US17031770902","Census Tract 7709.02; Cook County; Illinois","3732",
"1400000US17031800100","Census Tract 8001; Cook County; Illinois","2395",
"1400000US17031800200","Census Tract 8002; Cook County; Illinois","6466",
"1400000US17031800300","Census Tract 8003; Cook County; Illinois","3613",
"1400000US17031800400","Census Tract 8004; Cook County; Illinois","3936",
"1400000US17031800500","Census Tract 8005; Cook County; Illinois","5133",
"1400000US17031800600","Census Tract 8006; Cook County; Illinois","2429",
"1400000US17031800700","Census Tract 8007; Cook County; Illinois","5257",
"1400000US17031800800","Census Tract 8008; Cook County; Illinois","2426",
"1400000US17031800900","Census Tract 8009; Cook County; Illinois","4505",
"1400000US17031801000","Census Tract 8010; Cook County; Illinois","5337",
"1400000US17031801100","Census Tract 8011; Cook County; Illinois","4871",
"1400000US17031801200","Census Tract 8012; Cook County; Illinois","3651",
"1400000US17031801300","Census Tract 8013; Cook County; Illinois","4430",
"1400000US17031801400","Census Tract 8014; Cook County; Illinois","2922",
"1400000US17031801500","Census Tract 8015; Cook County; Illinois","6572",
"1400000US17031801601","Census Tract 8016.01; Cook County; Illinois","4734",
"1400000US17031801603","Census Tract 8016.03; Cook County; Illinois","4138",
"1400000US17031801605","Census Tract 8016.05; Cook County; Illinois","5883",
"1400000US17031801606","Census Tract 8016.06; Cook County; Illinois","6716",
"1400000US17031801607","Census Tract 8016.07; Cook County; Illinois","5225",
"1400000US17031801608","Census Tract 8016.08; Cook County; Illinois","7057",
"1400000US17031801701","Census Tract 8017.01; Cook County; Illinois","3846",
"1400000US17031801702","Census Tract 8017.02; Cook County; Illinois","4756",
"1400000US17031801800","Census Tract 8018; Cook County; Illinois","5972",
"1400000US17031801901","Census Tract 8019.01; Cook County; Illinois","5016",
"1400000US17031801902","Census Tract 8019.02; Cook County; Illinois","3420",
"1400000US17031802002","Census Tract 8020.02; Cook County; Illinois","5130",
"1400000US17031802003","Census Tract 8020.03; Cook County; Illinois","2679",
"1400000US17031802004","Census Tract 8020.04; Cook County; Illinois","5871",
"1400000US17031802100","Census Tract 8021; Cook County; Illinois","3734",
"1400000US17031802200","Census Tract 8022; Cook County; Illinois","4848",
"1400000US17031802300","Census Tract 8023; Cook County; Illinois","5968",
"1400000US17031802402","Census Tract 8024.02; Cook County; Illinois","5543",
"1400000US17031802403","Census Tract 8024.03; Cook County; Illinois","1531",
"1400000US17031802404","Census Tract 8024.04; Cook County; Illinois","7558",
"1400000US17031802503","Census Tract 8025.03; Cook County; Illinois","6412",
"1400000US17031802504","Census Tract 8025.04; Cook County; Illinois","6442",
"1400000US17031802505","Census Tract 8025.05; Cook County; Illinois","6723",
"1400000US17031802506","Census Tract 8025.06; Cook County; Illinois","2285",
"1400000US17031802605","Census Tract 8026.05; Cook County; Illinois","7125",
"1400000US17031802607","Census Tract 8026.07; Cook County; Illinois","1536",
"1400000US17031802608","Census Tract 8026.08; Cook County; Illinois","6730",
"1400000US17031802609","Census Tract 8026.09; Cook County; Illinois","6290",
"1400000US17031802610","Census Tract 8026.10; Cook County; Illinois","1757",
"1400000US17031802701","Census Tract 8027.01; Cook County; Illinois","6682",
"1400000US17031802702","Census Tract 8027.02; Cook County; Illinois","4710",
"1400000US17031802801","Census Tract 8028.01; Cook County; Illinois","5041",
"1400000US17031802802","Census Tract 8028.02; Cook County; Illinois","6991",
"1400000US17031802900","Census Tract 8029; Cook County; Illinois","6055",
"1400000US17031803005","Census Tract 8030.05; Cook County; Illinois","2614",
"1400000US17031803007","Census Tract 8030.07; Cook County; Illinois","5153",
"1400000US17031803008","Census Tract 8030.08; Cook County; Illinois","4767",
"1400000US17031803010","Census Tract 8030.10; Cook County; Illinois","5351",
"1400000US17031803012","Census Tract 8030.12; Cook County; Illinois","2234",
"1400000US17031803013","Census Tract 8030.13; Cook County; Illinois","5490",
"1400000US17031803014","Census Tract 8030.14; Cook County; Illinois","3677",
"1400000US17031803015","Census Tract 8030.15; Cook County; Illinois","4631",
"1400000US17031803016","Census Tract 8030.16; Cook County; Illinois","2490",
"1400000US17031803017","Census Tract 8030.17; Cook County; Illinois","6283",
"1400000US17031803100","Census Tract 8031; Cook County; Illinois","3616",
"1400000US17031803200","Census Tract 8032; Cook County; Illinois","5586",
"1400000US17031803300","Census Tract 8033; Cook County; Illinois","5726",
"1400000US17031803400","Census Tract 8034; Cook County; Illinois","6592",
"1400000US17031803500","Census Tract 8035; Cook County; Illinois","5803",
"1400000US17031803603","Census Tract 8036.03; Cook County; Illinois","6824",
"1400000US17031803604","Census Tract 8036.04; Cook County; Illinois","4209",
"1400000US17031803605","Census Tract 8036.05; Cook County; Illinois","7002",
"1400000US17031803607","Census Tract 8036.07; Cook County; Illinois","4819",
"1400000US17031803608","Census Tract 8036.08; Cook County; Illinois","7544",
"1400000US17031803611","Census Tract 8036.11; Cook County; Illinois","5698",
"1400000US17031803612","Census Tract 8036.12; Cook County; Illinois","3831",
"1400000US17031803613","Census Tract 8036.13; Cook County; Illinois","3434",
"1400000US17031803614","Census Tract 8036.14; Cook County; Illinois","4422",
"1400000US17031803615","Census Tract 8036.15; Cook County; Illinois","2752",
"1400000US17031803616","Census Tract 8036.16; Cook County; Illinois","4635",
"1400000US17031803701","Census Tract 8037.01; Cook County; Illinois","2707",
"1400000US17031803702","Census Tract 8037.02; Cook County; Illinois","6376",
"1400000US17031803800","Census Tract 8038; Cook County; Illinois","4522",
"1400000US17031803901","Census Tract 8039.01; Cook County; Illinois","3935",
"1400000US17031803902","Census Tract 8039.02; Cook County; Illinois","3429",
"1400000US17031804000","Census Tract 8040; Cook County; Illinois","4763",
"1400000US17031804102","Census Tract 8041.02; Cook County; Illinois","7307",
"1400000US17031804104","Census Tract 8041.04; Cook County; Illinois","4949",
"1400000US17031804105","Census Tract 8041.05; Cook County; Illinois","4168",
"1400000US17031804106","Census Tract 8041.06; Cook County; Illinois","7264",
"1400000US17031804108","Census Tract 8041.08; Cook County; Illinois","4798",
"1400000US17031804109","Census Tract 8041.09; Cook County; Illinois","3078",
"1400000US17031804202","Census Tract 8042.02; Cook County; Illinois","7793",
"1400000US17031804203","Census Tract 8042.03; Cook County; Illinois","3458",
"1400000US17031804204","Census Tract 8042.04; Cook County; Illinois","5263",
"1400000US17031804305","Census Tract 8043.05; Cook County; Illinois","6952",
"1400000US17031804306","Census Tract 8043.06; Cook County; Illinois","5626",
"1400000US17031804308","Census Tract 8043.08; Cook County; Illinois","5518",
"1400000US17031804309","Census Tract 8043.09; Cook County; Illinois","3038",
"1400000US17031804312","Census Tract 8043.12; Cook County; Illinois","2238",
"1400000US17031804313","Census Tract 8043.13; Cook County; Illinois","6354",
"1400000US17031804314","Census Tract 8043.14; Cook County; Illinois","1682",
"1400000US17031804315","Census Tract 8043.15; Cook County; Illinois","2446",
"1400000US17031804316","Census Tract 8043.16; Cook County; Illinois","5027",
"1400000US17031804403","Census Tract 8044.03; Cook County; Illinois","7297",
"1400000US17031804404","Census Tract 8044.04; Cook County; Illinois","5147",
"1400000US17031804405","Census Tract 8044.05; Cook County; Illinois","3570",
"1400000US17031804406","Census Tract 8044.06; Cook County; Illinois","6292",
"1400000US17031804505","Census Tract 8045.05; Cook County; Illinois","3970",
"1400000US17031804506","Census Tract 8045.06; Cook County; Illinois","5472",
"1400000US17031804508","Census Tract 8045.08; Cook County; Illinois","2343",
"1400000US17031804509","Census Tract 8045.09; Cook County; Illinois","6012",
"1400000US17031804510","Census Tract 8045.10; Cook County; Illinois","5872",
"1400000US17031804511","Census Tract 8045.11; Cook County; Illinois","2426",
"1400000US17031804512","Census Tract 8045.12; Cook County; Illinois","3995",
"1400000US17031804513","Census Tract 8045.13; Cook County; Illinois","4065",
"1400000US17031804514","Census Tract 8045.14; Cook County; Illinois","4690",
"1400000US17031804603","Census Tract 8046.03; Cook County; Illinois","5651",
"1400000US17031804606","Census Tract 8046.06; Cook County; Illinois","7088",
"1400000US17031804607","Census Tract 8046.07; Cook County; Illinois","7123",
"1400000US17031804608","Census Tract 8046.08; Cook County; Illinois","4027",
"1400000US17031804609","Census Tract 8046.09; Cook County; Illinois","6147",
"1400000US17031804610","Census Tract 8046.10; Cook County; Illinois","2524",
"1400000US17031804611","Census Tract 8046.11; Cook County; Illinois","4653",
"1400000US17031804701","Census Tract 8047.01; Cook County; Illinois","7045",
"1400000US17031804705","Census Tract 8047.05; Cook County; Illinois","4148",
"1400000US17031804706","Census Tract 8047.06; Cook County; Illinois","2553",
"1400000US17031804709","Census Tract 8047.09; Cook County; Illinois","6814",
"1400000US17031804710","Census Tract 8047.10; Cook County; Illinois","4292",
"1400000US17031804711","Census Tract 8047.11; Cook County; Illinois","7629",
"1400000US17031804712","Census Tract 8047.12; Cook County; Illinois","5456",
"1400000US17031804713","Census Tract 8047.13; Cook County; Illinois","5037",
"1400000US17031804714","Census Tract 8047.14; Cook County; Illinois","3534",
"1400000US17031804715","Census Tract 8047.15; Cook County; Illinois","3426",
"1400000US17031804716","Census Tract 8047.16; Cook County; Illinois","5360",
"1400000US17031804803","Census Tract 8048.03; Cook County; Illinois","5721",
"1400000US17031804804","Census Tract 8048.04; Cook County; Illinois","6809",
"1400000US17031804805","Census Tract 8048.05; Cook County; Illinois","6860",
"1400000US17031804806","Census Tract 8048.06; Cook County; Illinois","3796",
"1400000US17031804807","Census Tract 8048.07; Cook County; Illinois","5224",
"1400000US17031804808","Census Tract 8048.08; Cook County; Illinois","2596",
"1400000US17031804809","Census Tract 8048.09; Cook County; Illinois","4259",
"1400000US17031804810","Census Tract 8048.10; Cook County; Illinois","7097",
"1400000US17031804901","Census Tract 8049.01; Cook County; Illinois","6927",
"1400000US17031804902","Census Tract 8049.02; Cook County; Illinois","5626",
"1400000US17031805001","Census Tract 8050.01; Cook County; Illinois","4985",
"1400000US17031805002","Census Tract 8050.02; Cook County; Illinois","7422",
"1400000US17031805105","Census Tract 8051.05; Cook County; Illinois","7278",
"1400000US17031805106","Census Tract 8051.06; Cook County; Illinois","2778",
"1400000US17031805107","Census Tract 8051.07; Cook County; Illinois","6793",
"1400000US17031805108","Census Tract 8051.08; Cook County; Illinois","6400",
"1400000US17031805109","Census Tract 8051.09; Cook County; Illinois","4396",
"1400000US17031805110","Census Tract 8051.10; Cook County; Illinois","4440",
"1400000US17031805111","Census Tract 8051.11; Cook County; Illinois","7786",
"1400000US17031805112","Census Tract 8051.12; Cook County; Illinois","3482",
"1400000US17031805201","Census Tract 8052.01; Cook County; Illinois","3475",
"1400000US17031805202","Census Tract 8052.02; Cook County; Illinois","4078",
"1400000US17031805301","Census Tract 8053.01; Cook County; Illinois","3588",
"1400000US17031805302","Census Tract 8053.02; Cook County; Illinois","3873",
"1400000US17031805401","Census Tract 8054.01; Cook County; Illinois","4056",
"1400000US17031805402","Census Tract 8054.02; Cook County; Illinois","5467",
"1400000US17031805501","Census Tract 8055.01; Cook County; Illinois","3998",
"1400000US17031805502","Census Tract 8055.02; Cook County; Illinois","4295",
"1400000US17031805600","Census Tract 8056; Cook County; Illinois","4710",
"1400000US17031805701","Census Tract 8057.01; Cook County; Illinois","5485",
"1400000US17031805702","Census Tract 8057.02; Cook County; Illinois","2089",
"1400000US17031805801","Census Tract 8058.01; Cook County; Illinois","2580",
"1400000US17031805802","Census Tract 8058.02; Cook County; Illinois","5096",
"1400000US17031805901","Census Tract 8059.01; Cook County; Illinois","4341",
"1400000US17031805902","Census Tract 8059.02; Cook County; Illinois","6503",
"1400000US17031806001","Census Tract 8060.01; Cook County; Illinois","5818",
"1400000US17031806002","Census Tract 8060.02; Cook County; Illinois","7833",
"1400000US17031806004","Census Tract 8060.04; Cook County; Illinois","7554",
"1400000US17031806005","Census Tract 8060.05; Cook County; Illinois","3258",
"1400000US17031806006","Census Tract 8060.06; Cook County; Illinois","4885",
"1400000US17031806102","Census Tract 8061.02; Cook County; Illinois","4400",
"1400000US17031806103","Census Tract 8061.03; Cook County; Illinois","5269",
"1400000US17031806104","Census Tract 8061.04; Cook County; Illinois","4134",
"1400000US17031806201","Census Tract 8062.01; Cook County; Illinois","4908",
"1400000US17031806202","Census Tract 8062.02; Cook County; Illinois","4998",
"1400000US17031806300","Census Tract 8063; Cook County; Illinois","4687",
"1400000US17031806400","Census Tract 8064; Cook County; Illinois","2492",
"1400000US17031806501","Census Tract 8065.01; Cook County; Illinois","2665",
"1400000US17031806502","Census Tract 8065.02; Cook County; Illinois","4202",
"1400000US17031806600","Census Tract 8066; Cook County; Illinois","3602",
"1400000US17031806700","Census Tract 8067; Cook County; Illinois","4486",
"1400000US17031806801","Census Tract 8068.01; Cook County; Illinois","4294",
"1400000US17031806802","Census Tract 8068.02; Cook County; Illinois","3445",
"1400000US17031806900","Census Tract 8069; Cook County; Illinois","5342",
"1400000US17031807000","Census Tract 8070; Cook County; Illinois","5866",
"1400000US17031807100","Census Tract 8071; Cook County; Illinois","3984",
"1400000US17031807200","Census Tract 8072; Cook County; Illinois","6059",
"1400000US17031807300","Census Tract 8073; Cook County; Illinois","7718",
"1400000US17031807400","Census Tract 8074; Cook County; Illinois","6824",
"1400000US17031807500","Census Tract 8075; Cook County; Illinois","3327",
"1400000US17031807600","Census Tract 8076; Cook County; Illinois","6705",
"1400000US17031807700","Census Tract 8077; Cook County; Illinois","6147",
"1400000US17031807800","Census Tract 8078; Cook County; Illinois","2878",
"1400000US17031807900","Census Tract 8079; Cook County; Illinois","4201",
"1400000US17031808001","Census Tract 8080.01; Cook County; Illinois","3981",
"1400000US17031808002","Census Tract 8080.02; Cook County; Illinois","5281",
"1400000US17031808100","Census Tract 8081; Cook County; Illinois","4010",
"1400000US17031808200","Census Tract 8082; Cook County; Illinois","5646",
"1400000US17031808301","Census Tract 8083.01; Cook County; Illinois","6520",
"1400000US17031808302","Census Tract 8083.02; Cook County; Illinois","4367",
"1400000US17031808400","Census Tract 8084; Cook County; Illinois","4622",
"1400000US17031808500","Census Tract 8085; Cook County; Illinois","4239",
"1400000US17031808600","Census Tract 8086; Cook County; Illinois","2465",
"1400000US17031808702","Census Tract 8087.02; Cook County; Illinois","5481",
"1400000US17031808800","Census Tract 8088; Cook County; Illinois","3988",
"1400000US17031808900","Census Tract 8089; Cook County; Illinois","4149",
"1400000US17031809000","Census Tract 8090; Cook County; Illinois","4001",
"1400000US17031809100","Census Tract 8091; Cook County; Illinois","3437",
"1400000US17031809200","Census Tract 8092; Cook County; Illinois","4980",
"1400000US17031809300","Census Tract 8093; Cook County; Illinois","5043",
"1400000US17031809401","Census Tract 8094.01; Cook County; Illinois","2747",
"1400000US17031809402","Census Tract 8094.02; Cook County; Illinois","3374",
"1400000US17031809500","Census Tract 8095; Cook County; Illinois","4346",
"1400000US17031809600","Census Tract 8096; Cook County; Illinois","3319",
"1400000US17031809700","Census Tract 8097; Cook County; Illinois","3714",
"1400000US17031809800","Census Tract 8098; Cook County; Illinois","2678",
"1400000US17031809900","Census Tract 8099; Cook County; Illinois","3046",
"1400000US17031810000","Census Tract 8100; Cook County; Illinois","5640",
"1400000US17031810100","Census Tract 8101; Cook County; Illinois","4480",
"1400000US17031810200","Census Tract 8102; Cook County; Illinois","6222",
"1400000US17031810301","Census Tract 8103.01; Cook County; Illinois","4105",
"1400000US17031810302","Census Tract 8103.02; Cook County; Illinois","3360",
"1400000US17031810400","Census Tract 8104; Cook County; Illinois","5409",
"1400000US17031810501","Census Tract 8105.01; Cook County; Illinois","5293",
"1400000US17031810502","Census Tract 8105.02; Cook County; Illinois","5355",
"1400000US17031810600","Census Tract 8106; Cook County; Illinois","4949",
"1400000US17031810701","Census Tract 8107.01; Cook County; Illinois","4865",
"1400000US17031810702","Census Tract 8107.02; Cook County; Illinois","3914",
"1400000US17031810800","Census Tract 8108; Cook County; Illinois","5124",
"1400000US17031810900","Census Tract 8109; Cook County; Illinois","6360",
"1400000US17031811000","Census Tract 8110; Cook County; Illinois","4258",
"1400000US17031811100","Census Tract 8111; Cook County; Illinois","6703",
"1400000US17031811200","Census Tract 8112; Cook County; Illinois","5401",
"1400000US17031811301","Census Tract 8113.01; Cook County; Illinois","4802",
"1400000US17031811302","Census Tract 8113.02; Cook County; Illinois","3565",
"1400000US17031811401","Census Tract 8114.01; Cook County; Illinois","5001",
"1400000US17031811402","Census Tract 8114.02; Cook County; Illinois","4572",
"1400000US17031811500","Census Tract 8115; Cook County; Illinois","6031",
"1400000US17031811600","Census Tract 8116; Cook County; Illinois","6053",
"1400000US17031811701","Census Tract 8117.01; Cook County; Illinois","3455",
"1400000US17031811702","Census Tract 8117.02; Cook County; Illinois","5384",
"1400000US17031811800","Census Tract 8118; Cook County; Illinois","5644",
"1400000US17031811900","Census Tract 8119; Cook County; Illinois","6051",
"1400000US17031812000","Census Tract 8120; Cook County; Illinois","5666",
"1400000US17031812100","Census Tract 8121; Cook County; Illinois","4763",
"1400000US17031812200","Census Tract 8122; Cook County; Illinois","3984",
"1400000US17031812301","Census Tract 8123.01; Cook County; Illinois","4978",
"1400000US17031812302","Census Tract 8123.02; Cook County; Illinois","2681",
"1400000US17031812400","Census Tract 8124; Cook County; Illinois","3458",
"1400000US17031812500","Census Tract 8125; Cook County; Illinois","3680",
"1400000US17031812600","Census Tract 8126; Cook County; Illinois","3898",
"1400000US17031812700","Census Tract 8127; Cook County; Illinois","3192",
"1400000US17031812801","Census Tract 8128.01; Cook County; Illinois","3387",
"1400000US17031812802","Census Tract 8128.02; Cook County; Illinois","2521",
"1400000US17031812900","Census Tract 8129; Cook County; Illinois","4846",
"1400000US17031813000","Census Tract 8130; Cook County; Illinois","3935",
"1400000US17031813100","Census Tract 8131; Cook County; Illinois","4678",
"1400000US17031813200","Census Tract 8132; Cook County; Illinois","4582",
"1400000US17031813301","Census Tract 8133.01; Cook County; Illinois","3634",
"1400000US17031813302","Census Tract 8133.02; Cook County; Illinois","3858",
"1400000US17031813400","Census Tract 8134; Cook County; Illinois","7571",
"1400000US17031813500","Census Tract 8135; Cook County; Illinois","7169",
"1400000US17031813600","Census Tract 8136; Cook County; Illinois","5443",
"1400000US17031813701","Census Tract 8137.01; Cook County; Illinois","3886",
"1400000US17031813702","Census Tract 8137.02; Cook County; Illinois","4199",
"1400000US17031813801","Census Tract 8138.01; Cook County; Illinois","2856",
"1400000US17031813802","Census Tract 8138.02; Cook County; Illinois","4958",
"1400000US17031813900","Census Tract 8139; Cook County; Illinois","6768",
"1400000US17031814000","Census Tract 8140; Cook County; Illinois","4706",
"1400000US17031814100","Census Tract 8141; Cook County; Illinois","4683",
"1400000US17031814200","Census Tract 8142; Cook County; Illinois","7671",
"1400000US17031814300","Census Tract 8143; Cook County; Illinois","4690",
"1400000US17031814400","Census Tract 8144; Cook County; Illinois","7781",
"1400000US17031814500","Census Tract 8145; Cook County; Illinois","5395",
"1400000US17031814600","Census Tract 8146; Cook County; Illinois","5616",
"1400000US17031814700","Census Tract 8147; Cook County; Illinois","5548",
"1400000US17031814800","Census Tract 8148; Cook County; Illinois","6445",
"1400000US17031814900","Census Tract 8149; Cook County; Illinois","6557",
"1400000US17031815000","Census Tract 8150; Cook County; Illinois","4254",
"1400000US17031815100","Census Tract 8151; Cook County; Illinois","4318",
"1400000US17031815200","Census Tract 8152; Cook County; Illinois","6901",
"1400000US17031815300","Census Tract 8153; Cook County; Illinois","3756",
"1400000US17031815400","Census Tract 8154; Cook County; Illinois","5545",
"1400000US17031815500","Census Tract 8155; Cook County; Illinois","8310",
"1400000US17031815600","Census Tract 8156; Cook County; Illinois","5608",
"1400000US17031815701","Census Tract 8157.01; Cook County; Illinois","4124",
"1400000US17031815702","Census Tract 8157.02; Cook County; Illinois","5302",
"1400000US17031815800","Census Tract 8158; Cook County; Illinois","1630",
"1400000US17031815900","Census Tract 8159; Cook County; Illinois","4773",
"1400000US17031816000","Census Tract 8160; Cook County; Illinois","3307",
"1400000US17031816100","Census Tract 8161; Cook County; Illinois","6259",
"1400000US17031816200","Census Tract 8162; Cook County; Illinois","4163",
"1400000US17031816300","Census Tract 8163; Cook County; Illinois","4778",
"1400000US17031816401","Census Tract 8164.01; Cook County; Illinois","4664",
"1400000US17031816402","Census Tract 8164.02; Cook County; Illinois","4460",
"1400000US17031816500","Census Tract 8165; Cook County; Illinois","4262",
"1400000US17031816600","Census Tract 8166; Cook County; Illinois","4522",
"1400000US17031816700","Census Tract 8167; Cook County; Illinois","2693",
"1400000US17031816800","Census Tract 8168; Cook County; Illinois","5765",
"1400000US17031816900","Census Tract 8169; Cook County; Illinois","5561",
"1400000US17031817000","Census Tract 8170; Cook County; Illinois","5510",
"1400000US17031817101","Census Tract 8171.01; Cook County; Illinois","4563",
"1400000US17031817102","Census Tract 8171.02; Cook County; Illinois","3158",
"1400000US17031817200","Census Tract 8172; Cook County; Illinois","4821",
"1400000US17031817300","Census Tract 8173; Cook County; Illinois","2799",
"1400000US17031817400","Census Tract 8174; Cook County; Illinois","3652",
"1400000US17031817500","Census Tract 8175; Cook County; Illinois","3612",
"1400000US17031817600","Census Tract 8176; Cook County; Illinois","3825",
"1400000US17031817700","Census Tract 8177; Cook County; Illinois","4803",
"1400000US17031817900","Census Tract 8179; Cook County; Illinois","5532",
"1400000US17031818000","Census Tract 8180; Cook County; Illinois","4428",
"1400000US17031818100","Census Tract 8181; Cook County; Illinois","2330",
"1400000US17031818200","Census Tract 8182; Cook County; Illinois","4762",
"1400000US17031818300","Census Tract 8183; Cook County; Illinois","5922",
"1400000US17031818401","Census Tract 8184.01; Cook County; Illinois","3613",
"1400000US17031818402","Census Tract 8184.02; Cook County; Illinois","3282",
"1400000US17031818500","Census Tract 8185; Cook County; Illinois","5650",
"1400000US17031818600","Census Tract 8186; Cook County; Illinois","5093",
"1400000US17031818700","Census Tract 8187; Cook County; Illinois","3691",
"1400000US17031818800","Census Tract 8188; Cook County; Illinois","5692",
"1400000US17031818900","Census Tract 8189; Cook County; Illinois","4496",
"1400000US17031819000","Census Tract 8190; Cook County; Illinois","4768",
"1400000US17031819100","Census Tract 8191; Cook County; Illinois","4600",
"1400000US17031819200","Census Tract 8192; Cook County; Illinois","6154",
"1400000US17031819300","Census Tract 8193; Cook County; Illinois","2777",
"1400000US17031819400","Census Tract 8194; Cook County; Illinois","5686",
"1400000US17031819500","Census Tract 8195; Cook County; Illinois","3664",
"1400000US17031819600","Census Tract 8196; Cook County; Illinois","4083",
"1400000US17031819700","Census Tract 8197; Cook County; Illinois","6028",
"1400000US17031819801","Census Tract 8198.01; Cook County; Illinois","5364",
"1400000US17031819802","Census Tract 8198.02; Cook County; Illinois","2741",
"1400000US17031819900","Census Tract 8199; Cook County; Illinois","3514",
"1400000US17031820000","Census Tract 8200; Cook County; Illinois","2230",
"1400000US17031820101","Census Tract 8201.01; Cook County; Illinois","7889",
"1400000US17031820103","Census Tract 8201.03; Cook County; Illinois","4285",
"1400000US17031820104","Census Tract 8201.04; Cook County; Illinois","4453",
"1400000US17031820202","Census Tract 8202.02; Cook County; Illinois","3128",
"1400000US17031820203","Census Tract 8202.03; Cook County; Illinois","4038",
"1400000US17031820204","Census Tract 8202.04; Cook County; Illinois","4434",
"1400000US17031820300","Census Tract 8203; Cook County; Illinois","5588",
"1400000US17031820400","Census Tract 8204; Cook County; Illinois","5556",
"1400000US17031820501","Census Tract 8205.01; Cook County; Illinois","5905",
"1400000US17031820502","Census Tract 8205.02; Cook County; Illinois","5380",
"1400000US17031820603","Census Tract 8206.03; Cook County; Illinois","5530",
"1400000US17031820604","Census Tract 8206.04; Cook County; Illinois","3689",
"1400000US17031820605","Census Tract 8206.05; Cook County; Illinois","4523",
"1400000US17031820606","Census Tract 8206.06; Cook County; Illinois","3866",
"1400000US17031820700","Census Tract 8207; Cook County; Illinois","7110",
"1400000US17031820800","Census Tract 8208; Cook County; Illinois","3695",
"1400000US17031820901","Census Tract 8209.01; Cook County; Illinois","5582",
"1400000US17031820902","Census Tract 8209.02; Cook County; Illinois","5051",
"1400000US17031821001","Census Tract 8210.01; Cook County; Illinois","5205",
"1400000US17031821002","Census Tract 8210.02; Cook County; Illinois","5764",
"1400000US17031821101","Census Tract 8211.01; Cook County; Illinois","4876",
"1400000US17031821102","Census Tract 8211.02; Cook County; Illinois","4231",
"1400000US17031821200","Census Tract 8212; Cook County; Illinois","5641",
"1400000US17031821300","Census Tract 8213; Cook County; Illinois","5477",
"1400000US17031821401","Census Tract 8214.01; Cook County; Illinois","2870",
"1400000US17031821402","Census Tract 8214.02; Cook County; Illinois","3200",
"1400000US17031821500","Census Tract 8215; Cook County; Illinois","1421",
"1400000US17031821600","Census Tract 8216; Cook County; Illinois","4542",
"1400000US17031821700","Census Tract 8217; Cook County; Illinois","4859",
"1400000US17031821800","Census Tract 8218; Cook County; Illinois","5415",
"1400000US17031821900","Census Tract 8219; Cook County; Illinois","5129",
"1400000US17031822000","Census Tract 8220; Cook County; Illinois","4343",
"1400000US17031822101","Census Tract 8221.01; Cook County; Illinois","4606",
"1400000US17031822102","Census Tract 8221.02; Cook County; Illinois","4504",
"1400000US17031822200","Census Tract 8222; Cook County; Illinois","3929",
"1400000US17031822301","Census Tract 8223.01; Cook County; Illinois","4088",
"1400000US17031822302","Census Tract 8223.02; Cook County; Illinois","4447",
"1400000US17031822400","Census Tract 8224; Cook County; Illinois","6362",
"1400000US17031822500","Census Tract 8225; Cook County; Illinois","4496",
"1400000US17031822601","Census Tract 8226.01; Cook County; Illinois","4793",
"1400000US17031822602","Census Tract 8226.02; Cook County; Illinois","7296",
"1400000US17031822701","Census Tract 8227.01; Cook County; Illinois","4438",
"1400000US17031822702","Census Tract 8227.02; Cook County; Illinois","3828",
"1400000US17031822801","Census Tract 8228.01; Cook County; Illinois","3258",
"1400000US17031822802","Census Tract 8228.02; Cook County; Illinois","3669",
"1400000US17031822900","Census Tract 8229; Cook County; Illinois","2078",
"1400000US17031823001","Census Tract 8230.01; Cook County; Illinois","6624",
"1400000US17031823002","Census Tract 8230.02; Cook County; Illinois","6006",
"1400000US17031823101","Census Tract 8231.01; Cook County; Illinois","4515",
"1400000US17031823102","Census Tract 8231.02; Cook County; Illinois","3642",
"1400000US17031823200","Census Tract 8232; Cook County; Illinois","4775",
"1400000US17031823302","Census Tract 8233.02; Cook County; Illinois","5739",
"1400000US17031823303","Census Tract 8233.03; Cook County; Illinois","4581",
"1400000US17031823304","Census Tract 8233.04; Cook County; Illinois","5872",
"1400000US17031823400","Census Tract 8234; Cook County; Illinois","4892",
"1400000US17031823500","Census Tract 8235; Cook County; Illinois","4301",
"1400000US17031823602","Census Tract 8236.02; Cook County; Illinois","6209",
"1400000US17031823603","Census Tract 8236.03; Cook County; Illinois","2021",
"1400000US17031823604","Census Tract 8236.04; Cook County; Illinois","3509",
"1400000US17031823605","Census Tract 8236.05; Cook County; Illinois","4177",
"1400000US17031823702","Census Tract 8237.02; Cook County; Illinois","7050",
"1400000US17031823703","Census Tract 8237.03; Cook County; Illinois","8659",
"1400000US17031823704","Census Tract 8237.04; Cook County; Illinois","4191",
"1400000US17031823705","Census Tract 8237.05; Cook County; Illinois","4666",
"1400000US17031823801","Census Tract 8238.01; Cook County; Illinois","5873",
"1400000US17031823803","Census Tract 8238.03; Cook County; Illinois","7146",
"1400000US17031823805","Census Tract 8238.05; Cook County; Illinois","3189",
"1400000US17031823806","Census Tract 8238.06; Cook County; Illinois","3847",
"1400000US17031823901","Census Tract 8239.01; Cook County; Illinois","3515",
"1400000US17031823903","Census Tract 8239.03; Cook County; Illinois","4657",
"1400000US17031823904","Census Tract 8239.04; Cook County; Illinois","4043",
"1400000US17031824003","Census Tract 8240.03; Cook County; Illinois","6242",
"1400000US17031824004","Census Tract 8240.04; Cook County; Illinois","5374",
"1400000US17031824005","Census Tract 8240.05; Cook County; Illinois","5933",
"1400000US17031824006","Census Tract 8240.06; Cook County; Illinois","5096",
"1400000US17031824105","Census Tract 8241.05; Cook County; Illinois","7297",
"1400000US17031824106","Census Tract 8241.06; Cook County; Illinois","7021",
"1400000US17031824107","Census Tract 8241.07; Cook County; Illinois","6747",
"1400000US17031824113","Census Tract 8241.13; Cook County; Illinois","6322",
"1400000US17031824114","Census Tract 8241.14; Cook County; Illinois","5299",
"1400000US17031824115","Census Tract 8241.15; Cook County; Illinois","3843",
"1400000US17031824116","Census Tract 8241.16; Cook County; Illinois","5244",
"1400000US17031824119","Census Tract 8241.19; Cook County; Illinois","5456",
"1400000US17031824121","Census Tract 8241.21; Cook County; Illinois","3138",
"1400000US17031824122","Census Tract 8241.22; Cook County; Illinois","6209",
"1400000US17031824123","Census Tract 8241.23; Cook County; Illinois","7753",
"1400000US17031824124","Census Tract 8241.24; Cook County; Illinois","3679",
"1400000US17031824125","Census Tract 8241.25; Cook County; Illinois","4098",
"1400000US17031824126","Census Tract 8241.26; Cook County; Illinois","5951",
"1400000US17031824127","Census Tract 8241.27; Cook County; Illinois","3706",
"1400000US17031824128","Census Tract 8241.28; Cook County; Illinois","4638",
"1400000US17031824129","Census Tract 8241.29; Cook County; Illinois","4357",
"1400000US17031824300","Census Tract 8243; Cook County; Illinois","4499",
"1400000US17031824400","Census Tract 8244; Cook County; Illinois","2007",
"1400000US17031824503","Census Tract 8245.03; Cook County; Illinois","6880",
"1400000US17031824505","Census Tract 8245.05; Cook County; Illinois","6783",
"1400000US17031824507","Census Tract 8245.07; Cook County; Illinois","4136",
"1400000US17031824508","Census Tract 8245.08; Cook County; Illinois","3699",
"1400000US17031824509","Census Tract 8245.09; Cook County; Illinois","4154",
"1400000US17031824601","Census Tract 8246.01; Cook County; Illinois","4392",
"1400000US17031824602","Census Tract 8246.02; Cook County; Illinois","6245",
"1400000US17031824701","Census Tract 8247.01; Cook County; Illinois","3782",
"1400000US17031824702","Census Tract 8247.02; Cook County; Illinois","5453",
"1400000US17031824800","Census Tract 8248; Cook County; Illinois","7178",
"1400000US17031824900","Census Tract 8249; Cook County; Illinois","3244",
"1400000US17031825000","Census Tract 8250; Cook County; Illinois","4766",
"1400000US17031825200","Census Tract 8252; Cook County; Illinois","2016",
"1400000US17031825302","Census Tract 8253.02; Cook County; Illinois","5938",
"1400000US17031825303","Census Tract 8253.03; Cook County; Illinois","3785",
"1400000US17031825304","Census Tract 8253.04; Cook County; Illinois","3923",
"1400000US17031825400","Census Tract 8254; Cook County; Illinois","5337",
"1400000US17031825501","Census Tract 8255.01; Cook County; Illinois","5766",
"1400000US17031825503","Census Tract 8255.03; Cook County; Illinois","6540",
"1400000US17031825504","Census Tract 8255.04; Cook County; Illinois","3591",
"1400000US17031825505","Census Tract 8255.05; Cook County; Illinois","5364",
"1400000US17031825600","Census Tract 8256; Cook County; Illinois","5138",
"1400000US17031825700","Census Tract 8257; Cook County; Illinois","4046",
"1400000US17031825801","Census Tract 8258.01; Cook County; Illinois","3569",
"1400000US17031825802","Census Tract 8258.02; Cook County; Illinois","5862",
"1400000US17031825803","Census Tract 8258.03; Cook County; Illinois","5908",
"1400000US17031825900","Census Tract 8259; Cook County; Illinois","3296",
"1400000US17031826000","Census Tract 8260; Cook County; Illinois","2660",
"1400000US17031826100","Census Tract 8261; Cook County; Illinois","5931",
"1400000US17031826201","Census Tract 8262.01; Cook County; Illinois","3844",
"1400000US17031826202","Census Tract 8262.02; Cook County; Illinois","5710",
"1400000US17031826301","Census Tract 8263.01; Cook County; Illinois","3923",
"1400000US17031826303","Census Tract 8263.03; Cook County; Illinois","4068",
"1400000US17031826304","Census Tract 8263.04; Cook County; Illinois","2874",
"1400000US17031826401","Census Tract 8264.01; Cook County; Illinois","3725",
"1400000US17031826402","Census Tract 8264.02; Cook County; Illinois","4728",
"1400000US17031826500","Census Tract 8265; Cook County; Illinois","5614",
"1400000US17031826600","Census Tract 8266; Cook County; Illinois","4595",
"1400000US17031826700","Census Tract 8267; Cook County; Illinois","4573",
"1400000US17031826800","Census Tract 8268; Cook County; Illinois","4596",
"1400000US17031826901","Census Tract 8269.01; Cook County; Illinois","1462",
"1400000US17031826902","Census Tract 8269.02; Cook County; Illinois","1255",
"1400000US17031827000","Census Tract 8270; Cook County; Illinois","2968",
"1400000US17031827100","Census Tract 8271; Cook County; Illinois","2265",
"1400000US17031827200","Census Tract 8272; Cook County; Illinois","3693",
"1400000US17031827300","Census Tract 8273; Cook County; Illinois","2277",
"1400000US17031827400","Census Tract 8274; Cook County; Illinois","3230",
"1400000US17031827500","Census Tract 8275; Cook County; Illinois","4465",
"1400000US17031827600","Census Tract 8276; Cook County; Illinois","3012",
"1400000US17031827700","Census Tract 8277; Cook County; Illinois","2452",
"1400000US17031827801","Census Tract 8278.01; Cook County; Illinois","4645",
"1400000US17031827802","Census Tract 8278.02; Cook County; Illinois","3314",
"1400000US17031827804","Census Tract 8278.04; Cook County; Illinois","3149",
"1400000US17031827805","Census Tract 8278.05; Cook County; Illinois","2953",
"1400000US17031827901","Census Tract 8279.01; Cook County; Illinois","2421",
"1400000US17031827902","Census Tract 8279.02; Cook County; Illinois","4558",
"1400000US17031828000","Census Tract 8280; Cook County; Illinois","5411",
"1400000US17031828100","Census Tract 8281; Cook County; Illinois","5083",
"1400000US17031828201","Census Tract 8282.01; Cook County; Illinois","4491",
"1400000US17031828202","Census Tract 8282.02; Cook County; Illinois","4590",
"1400000US17031828300","Census Tract 8283; Cook County; Illinois","3363",
"1400000US17031828401","Census Tract 8284.01; Cook County; Illinois","3598",
"1400000US17031828402","Census Tract 8284.02; Cook County; Illinois","3688",
"1400000US17031828503","Census Tract 8285.03; Cook County; Illinois","4322",
"1400000US17031828504","Census Tract 8285.04; Cook County; Illinois","5474",
"1400000US17031828505","Census Tract 8285.05; Cook County; Illinois","6682",
"1400000US17031828507","Census Tract 8285.07; Cook County; Illinois","3999",
"1400000US17031828508","Census Tract 8285.08; Cook County; Illinois","4630",
"1400000US17031828601","Census Tract 8286.01; Cook County; Illinois","4198",
"1400000US17031828602","Census Tract 8286.02; Cook County; Illinois","4666",
"1400000US17031828701","Census Tract 8287.01; Cook County; Illinois","3780",
"1400000US17031828702","Census Tract 8287.02; Cook County; Illinois","4742",
"1400000US17031828801","Census Tract 8288.01; Cook County; Illinois","5122",
"1400000US17031828802","Census Tract 8288.02; Cook County; Illinois","2982",
"1400000US17031828900","Census Tract 8289; Cook County; Illinois","3399",
"1400000US17031829000","Census Tract 8290; Cook County; Illinois","882",
"1400000US17031829100","Census Tract 8291; Cook County; Illinois","3512",
"1400000US17031829200","Census Tract 8292; Cook County; Illinois","5547",
"1400000US17031829301","Census Tract 8293.01; Cook County; Illinois","3931",
"1400000US17031829302","Census Tract 8293.02; Cook County; Illinois","3633",
"1400000US17031829401","Census Tract 8294.01; Cook County; Illinois","1049",
"1400000US17031829402","Census Tract 8294.02; Cook County; Illinois","3088",
"1400000US17031829500","Census Tract 8295; Cook County; Illinois","4001",
"1400000US17031829600","Census Tract 8296; Cook County; Illinois","3035",
"1400000US17031829700","Census Tract 8297; Cook County; Illinois","3344",
"1400000US17031829800","Census Tract 8298; Cook County; Illinois","6891",
"1400000US17031829902","Census Tract 8299.02; Cook County; Illinois","6457",
"1400000US17031829903","Census Tract 8299.03; Cook County; Illinois","4529",
"1400000US17031829904","Census Tract 8299.04; Cook County; Illinois","4168",
"1400000US17031830001","Census Tract 8300.01; Cook County; Illinois","2432",
"1400000US17031830003","Census Tract 8300.03; Cook County; Illinois","7640",
"1400000US17031830004","Census Tract 8300.04; Cook County; Illinois","7529",
"1400000US17031830005","Census Tract 8300.05; Cook County; Illinois","3768",
"1400000US17031830006","Census Tract 8300.06; Cook County; Illinois","2526",
"1400000US17031830007","Census Tract 8300.07; Cook County; Illinois","4638",
"1400000US17031830008","Census Tract 8300.08; Cook County; Illinois","4342",
"1400000US17031830100","Census Tract 8301; Cook County; Illinois","3297",
"1400000US17031830201","Census Tract 8302.01; Cook County; Illinois","5105",
"1400000US17031830202","Census Tract 8302.02; Cook County; Illinois","3377",
"1400000US17031830300","Census Tract 8303; Cook County; Illinois","5369",
"1400000US17031830400","Census Tract 8304; Cook County; Illinois","4091",
"1400000US17031830500","Census Tract 8305; Cook County; Illinois","4410",
"1400000US17031830600","Census Tract 8306; Cook County; Illinois","4935",
"1400000US17031830700","Census Tract 8307; Cook County; Illinois","4006",
"1400000US17031830800","Census Tract 8308; Cook County; Illinois","2405",
"1400000US17031830900","Census Tract 8309; Cook County; Illinois","3076",
"1400000US17031831000","Census Tract 8310; Cook County; Illinois","2633",
"1400000US17031831100","Census Tract 8311; Cook County; Illinois","6697",
"1400000US17031831200","Census Tract 8312; Cook County; Illinois","4832",
"1400000US17031831300","Census Tract 8313; Cook County; Illinois","1251",
"1400000US17031831400","Census Tract 8314; Cook County; Illinois","2820",
"1400000US17031831500","Census Tract 8315; Cook County; Illinois","4421",
"1400000US17031831600","Census Tract 8316; Cook County; Illinois","7745",
"1400000US17031831700","Census Tract 8317; Cook County; Illinois","2237",
"1400000US17031831800","Census Tract 8318; Cook County; Illinois","5868",
"1400000US17031831900","Census Tract 8319; Cook County; Illinois","3040",
"1400000US17031832000","Census Tract 8320; Cook County; Illinois","2062",
"1400000US17031832100","Census Tract 8321; Cook County; Illinois","3410",
"1400000US17031832200","Census Tract 8322; Cook County; Illinois","3289",
"1400000US17031832300","Census Tract 8323; Cook County; Illinois","2054",
"1400000US17031832400","Census Tract 8324; Cook County; Illinois","3601",
"1400000US17031832500","Census Tract 8325; Cook County; Illinois","3334",
"1400000US17031832600","Census Tract 8326; Cook County; Illinois","4147",
"1400000US17031832900","Census Tract 8329; Cook County; Illinois","1995",
"1400000US17031833000","Census Tract 8330; Cook County; Illinois","5637",
"1400000US17031833100","Census Tract 8331; Cook County; Illinois","9493",
"1400000US17031833300","Census Tract 8333; Cook County; Illinois","2912",
"1400000US17031833900","Census Tract 8339; Cook County; Illinois","2333",
"1400000US17031834000","Census Tract 8340; Cook County; Illinois","3609",
"1400000US17031834200","Census Tract 8342; Cook County; Illinois","4693",
"1400000US17031834300","Census Tract 8343; Cook County; Illinois","6240",
"1400000US17031834400","Census Tract 8344; Cook County; Illinois","3765",
"1400000US17031834500","Census Tract 8345; Cook County; Illinois","1765",
"1400000US17031834600","Census Tract 8346; Cook County; Illinois","2357",
"1400000US17031834700","Census Tract 8347; Cook County; Illinois","1759",
"1400000US17031834800","Census Tract 8348; Cook County; Illinois","1753",
"1400000US17031834900","Census Tract 8349; Cook County; Illinois","1952",
"1400000US17031835000","Census Tract 8350; Cook County; Illinois","6398",
"1400000US17031835100","Census Tract 8351; Cook County; Illinois","5585",
"1400000US17031835200","Census Tract 8352; Cook County; Illinois","2038",
"1400000US17031835500","Census Tract 8355; Cook County; Illinois","1584",
"1400000US17031835600","Census Tract 8356; Cook County; Illinois","898",
"1400000US17031835800","Census Tract 8358; Cook County; Illinois","1698",
"1400000US17031836000","Census Tract 8360; Cook County; Illinois","2338",
"1400000US17031836100","Census Tract 8361; Cook County; Illinois","1893",
"1400000US17031836200","Census Tract 8362; Cook County; Illinois","2178",
"1400000US17031836300","Census Tract 8363; Cook County; Illinois","1492",
"1400000US17031836400","Census Tract 8364; Cook County; Illinois","3621",
"1400000US17031836500","Census Tract 8365; Cook County; Illinois","1527",
"1400000US17031836600","Census Tract 8366; Cook County; Illinois","2929",
"1400000US17031836700","Census Tract 8367; Cook County; Illinois","2481",
"1400000US17031836800","Census Tract 8368; Cook County; Illinois","2645",
"1400000US17031836900","Census Tract 8369; Cook County; Illinois","1439",
"1400000US17031837000","Census Tract 8370; Cook County; Illinois","2042",
"1400000US17031837100","Census Tract 8371; Cook County; Illinois","1652",
"1400000US17031837300","Census Tract 8373; Cook County; Illinois","2489",
"1400000US17031837400","Census Tract 8374; Cook County; Illinois","1990",
"1400000US17031837800","Census Tract 8378; Cook County; Illinois","2837",
"1400000US17031838000","Census Tract 8380; Cook County; Illinois","2651",
"1400000US17031838100","Census Tract 8381; Cook County; Illinois","1821",
"1400000US17031838200","Census Tract 8382; Cook County; Illinois","1675",
"1400000US17031838300","Census Tract 8383; Cook County; Illinois","2580",
"1400000US17031838600","Census Tract 8386; Cook County; Illinois","1518",
"1400000US17031838700","Census Tract 8387; Cook County; Illinois","4132",
"1400000US17031838800","Census Tract 8388; Cook County; Illinois","3102",
"1400000US17031839000","Census Tract 8390; Cook County; Illinois","10435",
"1400000US17031839100","Census Tract 8391; Cook County; Illinois","8234",
"1400000US17031839200","Census Tract 8392; Cook County; Illinois","2749",
"1400000US17031839500","Census Tract 8395; Cook County; Illinois","1590",
"1400000US17031839600","Census Tract 8396; Cook County; Illinois","1729",
"1400000US17031839700","Census Tract 8397; Cook County; Illinois","4545",
"1400000US17031839800","Census Tract 8398; Cook County; Illinois","2686",
"1400000US17031839900","Census Tract 8399; Cook County; Illinois","4431",
"1400000US17031840000","Census Tract 8400; Cook County; Illinois","3001",
"1400000US17031840100","Census Tract 8401; Cook County; Illinois","3029",
"1400000US17031840200","Census Tract 8402; Cook County; Illinois","2497",
"1400000US17031840300","Census Tract 8403; Cook County; Illinois","4196",
"1400000US17031840400","Census Tract 8404; Cook County; Illinois","3369",
"1400000US17031840700","Census Tract 8407; Cook County; Illinois","3900",
"1400000US17031840800","Census Tract 8408; Cook County; Illinois","3332",
"1400000US17031841000","Census Tract 8410; Cook County; Illinois","1136",
"1400000US17031841100","Census Tract 8411; Cook County; Illinois","7356",
"1400000US17031841200","Census Tract 8412; Cook County; Illinois","4873",
"1400000US17031841300","Census Tract 8413; Cook County; Illinois","4173",
"1400000US17031841500","Census Tract 8415; Cook County; Illinois","2904",
"1400000US17031841700","Census Tract 8417; Cook County; Illinois","1509",
"1400000US17031841800","Census Tract 8418; Cook County; Illinois","2404",
"1400000US17031841900","Census Tract 8419; Cook County; Illinois","6500",
"1400000US17031842000","Census Tract 8420; Cook County; Illinois","2590",
"1400000US17031842100","Census Tract 8421; Cook County; Illinois","6650",
"1400000US17031842200","Census Tract 8422; Cook County; Illinois","4212",
"1400000US17031842300","Census Tract 8423; Cook County; Illinois","3529",
"1400000US17031842400","Census Tract 8424; Cook County; Illinois","3041",
"1400000US17031842500","Census Tract 8425; Cook County; Illinois","2644",
"1400000US17031842600","Census Tract 8426; Cook County; Illinois","4245",
"1400000US17031842800","Census Tract 8428; Cook County; Illinois","7637",
"1400000US17031842900","Census Tract 8429; Cook County; Illinois","2480",
"1400000US17031843000","Census Tract 8430; Cook County; Illinois","2880",
"1400000US17031843100","Census Tract 8431; Cook County; Illinois","1747",
"1400000US17031843200","Census Tract 8432; Cook County; Illinois","2422",
"1400000US17031843300","Census Tract 8433; Cook County; Illinois","1572",
"1400000US17031843400","Census Tract 8434; Cook County; Illinois","1524",
"1400000US17031843500","Census Tract 8435; Cook County; Illinois","6030",
"1400000US17031843600","Census Tract 8436; Cook County; Illinois","3089",
"1400000US17031843700","Census Tract 8437; Cook County; Illinois","2544",
"1400000US17031843800","Census Tract 8438; Cook County; Illinois","2000",
"1400000US17031843900","Census Tract 8439; Cook County; Illinois","3666",
"1400000US17031844600","Census Tract 8446; Cook County; Illinois","1776",
"1400000US17031844700","Census Tract 8447; Cook County; Illinois","2342",
"1400000US17031980000","Census Tract 9800; Cook County; Illinois","0",
"1400000US17031980100","Census Tract 9801; Cook County; Illinois","18",
"1400000US17031990000","Census Tract 9900; Cook County; Illinois","0",
