row_id,id,address,city,state,zip
1,Lawndale Acad,3500 W Douglas Bl,Chicago,IL,
2,Joyner CPC,1315 S Blue Island Av,Chicago,IL,
3,Armour Br,911 W 32nd Pl,Chicago,IL,
4,Johnson,1420 S Albany Av,Chicago,IL,
5,Herzl,3711 W Douglas Bl,Chicago,IL,
6,Lathrop,1440 S Christiana Av,Chicago,IL,
7,Plamondon,2642 W 15th Pl,Chicago,IL,
8,Hughes CE,4247 W 15th St,Chicago,IL,
9,Pilsen Community Acad,1420 W 17th St,Chicago,IL,
10,Jungman,1746 S Miller St,Chicago,IL,
11,Howland,1616 S Spaulding Av,Chicago,IL,
12,Dvorak Acad,3615 W 16th St,Chicago,IL,
13,Penn,1616 S Avers Av,Chicago,IL,
14,Mason,4217 W 18th St,Chicago,IL,
15,Cooper,1624 W 19th St,Chicago,IL,
16,Pope,1852 S Albany Av,Chicago,IL,
17,Perez,1241 W 19th St,Chicago,IL,
18,Juarez H S,2150 S Laflin St,Chicago,IL,
19,Pickard,2301 W 21st Pl,Chicago,IL,
20,De La Cruz,2317 W 23rd Pl,Chicago,IL,
21,Telpochalli,2832 W 24th Bl,Chicago,IL,
22,Cardenas,2345 S Millard Av,Chicago,IL,
23,Ruiz,2410 S Leavitt St,Chicago,IL,
24,Castellanos School,2524 S Central Park Av,Chicago,IL,
25,Corkery,2510 S Kildare Av,Chicago,IL,
26,Drake,2722 S Dr Martin Luther King Jr Dr,Chicago,IL,
27,Williams,2710 S Dearborn St,Chicago,IL,
28,Gary,3740 W 31st St,Chicago,IL,
29,Graham,4436 S Union Av,Chicago,IL,
30,Gunsaulus Acad,4420 S Sacramento Av,Chicago,IL,
31,Lara Acad,4619 S Wolcott Av,Chicago,IL,
32,Beethoven,25 W 47th St,Chicago,IL,
33,Hearst,4640 S Lamon Av,Chicago,IL,
34,Hamline,4747 S Bishop St,Chicago,IL,
35,Chavez,4747 S Marshfield Av,Chicago,IL,
36,Hedges,4735 S Winchester Av,Chicago,IL,
37,Overton,221 E 49th St,Chicago,IL,
38,DuSable HS,4934 S Wabash Av,Chicago,IL,
39,Edwards,4815 S Karlov Av,Chicago,IL,
40,Canter Middle,4959 S Blackstone Av,Chicago,IL,
41,Reavis,834 E 50th St,Chicago,IL,
42,Kenwood Acad HS,5015 S Blackstone Av,Chicago,IL,
43,Big Picture at Chavez,4946 S Paulina St,Chicago,IL,
44,Richards HS,5009 S Laflin St,Chicago,IL,
45,Curie HS,4959 S Archer Av,Chicago,IL,
46,Daley Acad,5024 S Wolcott Av,Chicago,IL,
47,Christopher,5042 S Artesian Av,Chicago,IL,
48,Dyett Middle,555 E 51st St,Chicago,IL,
49,Parkman,245 W 51st St,Chicago,IL,
50,Beasley,5255 S State St,Chicago,IL,
51,Murray Language Acad,5335 S Kenwood Av,Chicago,IL,
52,Kozminski Com Acad,936 E 54th St,Chicago,IL,
53,Nightingale,5250 S Rockwell St,Chicago,IL,
54,St Helen,2347 W Augusta Bl,Chicago,IL,
55,St Nicholas Ukrainian,2200 W Rice St,Chicago,IL,
56,Burke,5356 S Dr Martin Luther King Jr Dr,Chicago,IL,
57,Sawyer,5248 S Sawyer Av,Chicago,IL,
58,Cardenas Modular,2406 S Central Park Av,Chicago,IL,
59,Libby,5300 S Loomis Bl,Chicago,IL,
60,Fulton,5300 S Hermitage Av,Chicago,IL,
61,Dewey,5415 S Union Av,Chicago,IL,
62,Byrne,5329 S Oak Park Av,Chicago,IL,
63,Mays Acad,1800 W Garfield Bl,Chicago,IL,
64,Harte,1556 E 56th St,Chicago,IL,
65,Hope College Prep,5515 S Lowe Av,Chicago,IL,
66,Holmes,955 W Garfield Bl,Chicago,IL,
67,Carson,5516 S Maplewood Av,Chicago,IL,
68,Sandoval School,5534 S St Louis Av,Chicago,IL,
69,Gage Park HS,5630 S Rockwell St,Chicago,IL,
70,Henderson,5650 S Wolcott Av,Chicago,IL,
71,Carter,5740 S Michigan Av,Chicago,IL,
72,Kennedy HS,6325 W 56th St,Chicago,IL,
73,Bontemps,1241 W 58th St,Chicago,IL,
74,Peck,3826 W 58th St,Chicago,IL,
75,Lindblom Tech HS,6130 S Wolcott Av,Chicago,IL,
76,Englewood HS,6201 S Stewart Av,Chicago,IL,
77,Goodlow Magnet,2040 W 62nd St,Chicago,IL,
78,Fairfield Academy,6201 S Fairfield Av,Chicago,IL,
79,Dulles,6311 S Calumet Av,Chicago,IL,
80,Dore,6108 S Natoma Av,Chicago,IL,
81,Hale,6140 S Melvina Av,Chicago,IL,
82,Hubbard HS,6200 S Hamlin Av,Chicago,IL,
83,Reed,6350 S Stewart Av,Chicago,IL,
84,Anderson Community Acad,6315 S Claremont Av,Chicago,IL,
85,Kershaw,6450 S Lowe Av,Chicago,IL,
86,McCosh,6543 S Champlain Av,Chicago,IL,
87,Blair,6751 W 63rd Pl,Chicago,IL,
88,Harper HS,6520 S Wood St,Chicago,IL,
89,Bunche,6515 S Ashland Av,Chicago,IL,
90,Lee,6448 S Tripp Av,Chicago,IL,
91,Grimes,5450 W 64th Pl,Chicago,IL,
92,Marquette West,6550 S Richmond St,Chicago,IL,
93,O'Toole,6550 S Seeley Av,Chicago,IL,
94,Eberhart,3400 W 65th Pl,Chicago,IL,
95,Dumas,6650 S Ellis Av,Chicago,IL,
96,Banneker,6656 S Normal Bl,Chicago,IL,
97,MAYS,838 W Marquette Rd,Chicago,IL,
98,Brownell,6741 S Michigan Av,Chicago,IL,
99,Davies Acad,6723 S Wood St,Chicago,IL,
100,Robeson,6835 S Normal Blvd,Chicago,IL,
101,Parkside Acad,6938 S East End Av,Chicago,IL,
102,Okeeffe,6940 S Merrill Av,Chicago,IL,
103,Fermi,1415 E 70th St,Chicago,IL,
104,McKay,6901 S Fairfield Av,Chicago,IL,
105,Johns Acad,6936 S Hermitage Av,Chicago,IL,
106,Park Manor,7037 S Rhodes Av,Chicago,IL,
107,Hurley,3849 W 69th Pl,Chicago,IL,
108,Bond,7050 S May St,Chicago,IL,
109,Hinton,644 W 71st St,Chicago,IL,
110,Altgeld,1340 W 71st St,Chicago,IL,
111,Revere,1010 E 72nd St,Chicago,IL,
112,Guggenheim,7141 S Morgan St,Chicago,IL,
113,Deneen,7240 S Wabash Av,Chicago,IL,
114,Bouchet Alexander,7355 S Jeffery Bl,Chicago,IL,
115,Tanner,7350 S Evans Av,Chicago,IL,
116,Randolph Magnet,7316 S Hoyne Av,Chicago,IL,
117,Powell,7530 S South Shore Dr,Chicago,IL,
118,Madison,7433 S Dorchester Av,Chicago,IL,
119,Harvard,7525 S Harvard Av,Chicago,IL,
120,Bradwell,7736 S Burnham Av,Chicago,IL,
121,Hirsch Metro HS,7740 S Ingleside Av,Chicago,IL,
122,Oglesby,7646 S Green St,Chicago,IL,
123,Barton,7650 S Wolcott Av,Chicago,IL,
124,Ruggles,7831 S Prairie Av,Chicago,IL,
125,Joplin,7931 S Honore St,Chicago,IL,
126,Mann,8050 S Chappel Av,Chicago,IL,
127,Avalon Park,8045 S Kenwood Av,Chicago,IL,
128,Bogan Tech HS,3939 W 79th St,Chicago,IL,
129,Lenart,8101 S La Salle St,Chicago,IL,
130,Stevenson,8010 S Kostner Av,Chicago,IL,
131,Calumet HS,8131 S May St,Chicago,IL,
132,Cook,8150 S Bishop St,Chicago,IL,
133,Dawes,3810 W 81st Pl,Chicago,IL,
134,Heroes Magnet,8344 S Commercial Av,Chicago,IL,
135,Dixon,8306 S St Lawrence Av,Chicago,IL,
136,Las Casas,8401 S Saginaw Av,Chicago,IL,
137,Owen,8247 S Christiana Av,Chicago,IL,
138,Coles,8441 S Yates Bl,Chicago,IL,
139,Carroll,2929 W 83rd St,Chicago,IL,
140,Ashburn,8300 S St Louis Av,Chicago,IL,
141,Morgan,8407 S Kerfoot Av,Chicago,IL,
142,Pirie,650 E 85th St,Chicago,IL,
143,Ashe,8505 S Ingleside Av,Chicago,IL,
144,Chicago Vocational HS,2100 E 87th St,Chicago,IL,
145,Neil,8555 S Michigan Av,Chicago,IL,
146,Von Humboldt CPC,1345 N Rockwell St,Chicago,IL,
147,Daystar School,800 S Wells St,Chicago,IL,
148,Lozano Annex,1501 N Greenview Av,Chicago,IL,
149,Caldwell,8546 S Cregier Av,Chicago,IL,
150,Gresham,8524 S Green St,Chicago,IL,
151,Durkin Park,8445 S Kolin Av,Chicago,IL,
152,Foster Park,8530 S Wood St,Chicago,IL,
153,Bowen,2710 E 89th St,Chicago,IL,
154,Ryder,8716 S Wallace St,Chicago,IL,
155,McDade Classical,8801 S Indiana Av,Chicago,IL,
156,Jackson Mahalia,917 W 88th St,Chicago,IL,
157,Hoyne,8905 S Crandon Av,Chicago,IL,
158,McDowell,1419 E 89th St,Chicago,IL,
159,Mireles Acad,9000 S Exchange Av,Chicago,IL,
160,Fort Dearborn,9025 S Throop St,Chicago,IL,
161,Davies Development Center,9101 S Jeffery Av,Chicago,IL,
162,Black Magnet,9101 S Euclid Av,Chicago,IL,
163,Burnside Acad,650 E 91st Pl,Chicago,IL,
164,Buckingham,9207 S Phillips Av,Chicago,IL,
165,Earhart,1710 E 93rd St,Chicago,IL,
166,Gillespie,9301 S State St,Chicago,IL,
167,Kellogg,9241 S Leavitt St,Chicago,IL,
168,Kipling,9351 S Lowe Av,Chicago,IL,
169,Chicago International-Longwood,1309 W 95th St,Chicago,IL,
170,Burham Acad,1903 E 96th St,Chicago,IL,
171,Wheatley CPC,902 E 133rd Pl,Chicago,IL,
172,Tonti Br,4950 S Laporte Av,Chicago,IL,
173,Chicago International-Prairie,11530 S Prairie Av,Chicago,IL,
174,Higgins Acad,11710 S Morgan St,Chicago,IL,
175,Gompers,12302 S State St,Chicago,IL,
176,Metcalfe Acad,12339 S Normal Av,Chicago,IL,
177,Owens Acad,12450 S State St,Chicago,IL,
178,Grissom Acad,12810 S Escanaba Av,Chicago,IL,
179,Aldridge,630 E 131st St,Chicago,IL,
180,Carver HS,13100 S Carver Dr,Chicago,IL,
181,Clay,13231 S Burley Av,Chicago,IL,
182,DuBois,330 E 133rd St,Chicago,IL,
183,Carver Primary,901 E 133rd Pl,Chicago,IL,
184,Carver Middle,801 E 133rd Pl,Chicago,IL,
185,Bethesda Lutheran,6803 N Campbell Av,Chicago,IL,
186,Queen of All Saints,6230 N Lemont Av,Chicago,IL,
187,Bricktown Montessori,8622 W Catalpa Av,Chicago,IL,
188,St Mary of the Lake,1026 W Buena Av,Chicago,IL,
189,St Benedict,3920 N Leavitt St,Chicago,IL,
190,Schurz HS,3601 N Milwaukee Av,Chicago,IL,
191,St Hyacinth,3640 W Wolfram St,Chicago,IL,
192,Wadsworth,6420 S University Av,Chicago,IL,
193,Whitney Young HS,211 S Laflin St,Chicago,IL,
194,Rush Day School,1720 W Polk St,Chicago,IL,
195,Holy Trinity Shool,1900 W Taylor St,Chicago,IL,
196,Webster,4055 W Arthington St,Chicago,IL,
197,St Ignatius Prep HS,1076 W Roosevelt Rd,Chicago,IL,
198,Chicago Lighthouse,1850 W Roosevelt Rd,Chicago,IL,
199,South Loop,1212 S Plymouth Ct,Chicago,IL,
200,Smyth,1059 W 13th St,Chicago,IL,
201,Comm Christian Alt Acad,1231 S Pulaski Rd,Chicago,IL,
202,Simpson HS,1321 S Paulina St,Chicago,IL,
203,Chicago WS Christian,1241 S Pulaski Rd,Chicago,IL,
204,St Agatha 1,3151 W Douglas Bl,Chicago,IL,
205,St Procopius,1625 S Allport St,Chicago,IL,
206,St Ann,2211 W 18th Pl,Chicago,IL,
207,St Pius V,1919 S Ashland Av,Chicago,IL,
208,Walsh,2031 S Peoria St,Chicago,IL,
209,Our Lady of Lourdes,2130 S Central Park Av,Chicago,IL,
210,St Therese,247 W 23rd St,Chicago,IL,
211,Our Lady of Tepeyac HS,2228 S Whipple St,Chicago,IL,
212,Whittier,1900 W 23rd St,Chicago,IL,
213,Our Lady of Tepeyac,2235 S Albany Av,Chicago,IL,
214,Spry,2400 S Marshall Bl,Chicago,IL,
215,Epiphany,4223 W 25th St,Chicago,IL,
216,Sheridan Magnet,533 W 27th St,Chicago,IL,
217,Ward James,2701 S Shields Av,Chicago,IL,
218,St Jerome,2801 S Princeton Av,Chicago,IL,
219,Zapata Acad,2728 S Kostner Av,Chicago,IL,
220,Grace Lutheran,4106 W 28th St,Chicago,IL,
221,Whitney,2815 S Komensky Av,Chicago,IL,
222,Santa Lucia,3017 S Wells St,Chicago,IL,
223,Christ the King Lutheran,3701 S Lake Park Av,Chicago,IL,
224,Greene Branch,3625 S Hoyne Av,Chicago,IL,
225,St Andrew Lutheran,3659 S Honore St,Chicago,IL,
226,Bridgeport Catholic 3,3700 S Lowe Av,Chicago,IL,
227,McCutcheon Br,4850 N Kenmore Av,Chicago,IL,
228,Olive Harvey Middle,10001 S Woodlawn Av,Chicago,IL,
229,St Elizabeth,4052 S Wabash Av,Chicago,IL,
230,Shields,4250 S Rockwell St,Chicago,IL,
231,Woodson North,4414 S Evans Av,Chicago,IL,
232,Holy Martyrs,4325 S Richmond St,Chicago,IL,
233,St Gabriel,4500 S Wallace St,Chicago,IL,
234,Seward,4600 S Hermitage Av,Chicago,IL,
235,Harvard School,4731 S Ellis Av,Chicago,IL,
236,Ancona School,4770 S Dorchester Av,Chicago,IL,
237,Childrens House at Harper,4800 S Lake Park Av,Chicago,IL,
238,Tilden HS,4747 S Union Av,Chicago,IL,
239,Chicago Mennonite Center,4647 W 47th St,Chicago,IL,
240,San Miguel School,1949 W 48th St,Chicago,IL,
241,Hales Franciscan HS,4930 S Cottage Grove Av,Chicago,IL,
242,Shoesmith,1330 E 50th St,Chicago,IL,
243,Our Lady Of the Snows,4810 S Leamington Av,Chicago,IL,
244,St Richard,5025 S Kenneth Av,Chicago,IL,
245,Sherman,1000 W 52nd St,Chicago,IL,
246,Twain,5131 S Linder Av,Chicago,IL,
247,St Jane de Chantal,5201 S Mc Vicker Av,Chicago,IL,
248,St Thomas the Apostle,5467 S Woodlawn Av,Chicago,IL,
249,South Central Community Services,7550 S Phillips Av,Chicago,IL,
250,St Paul Lutheran 3,7621 S Dorchester Av,Chicago,IL,
251,St Dorothy,7740 S Eberhart Av,Chicago,IL,
252,Shabazz Charter,7823 S Ellis Av,Chicago,IL,
253,St Rita HS,7740 S Western Av,Chicago,IL,
254,St Sabina,7801 S Throop St,Chicago,IL,
255,Leo HS,7901 S Sangamon St,Chicago,IL,
256,Rescue Missionary School,7956 S Dr Martin Luther King Jr Dr,Chicago,IL,
257,Liberty Temple Acad,2255 W 79th St,Chicago,IL,
258,Westcott,409 W 80th St,Chicago,IL,
259,Marva Collins Prep School,8035 S Honore St,Chicago,IL,
260,St Micheal,8231 S South Shore Dr,Chicago,IL,
261,South Chicago Community,8255 S Houston Av,Chicago,IL,
262,Simeon,8235 S Vincennes Av,Chicago,IL,
263,St Thomas Moore,8130 S California Av,Chicago,IL,
264,St Felicitas,1501 E 83rd Pl,Chicago,IL,
265,Timothy Lutheran School,1700 W 83rd St,Chicago,IL,
266,Emmanuel Christian School,8301 S Damen Av,Chicago,IL,
267,Ashburn Lutheran School,3345 W 83rd St,Chicago,IL,
268,McKinley Highland Center,8422 S Damen Av,Chicago,IL,
269,L H Day Lower School,1720 W 87th St,Chicago,IL,
270,Mckinley School East,2647 E 88th St,Chicago,IL,
271,Luther HS South,3130 W 87th St,Chicago,IL,
272,Thorp JN,8914 S Buffalo Av,Chicago,IL,
273,Our Lady of Guadalupe,9050 S Burley Av,Chicago,IL,
274,Washington Harold,9130 S University Av,Chicago,IL,
275,Evangelical Christian School,9130 S Vincennes Av,Chicago,IL,
276,Warren,9239 S Jeffery Av,Chicago,IL,
277,Turner Drew Lang,9300 S Princeton Av,Chicago,IL,
278,Christ the King,9240 S Hoyne Av,Chicago,IL,
279,Resurrection Lutheran School,9349 S Wentworth Av,Chicago,IL,
280,Beverly Hills SDA School,9356 S Justine St,Chicago,IL,
281,Fellowship Christian Acad,1925 E 95th St,Chicago,IL,
282,Oakdale Christian Acad,9440 S Vincennes Av,Chicago,IL,
283,Vanderpoel Magnet,9510 S Prospect Av,Chicago,IL,
284,Schmid,9755 S Greenwood Av,Chicago,IL,
285,Wacker,9746 S Morgan St,Chicago,IL,
286,Our Lady Gate of Heaven,2330 E 99th St,Chicago,IL,
287,Small Stride Acad,10317 S Western Av,Chicago,IL,
288,Park Vernon Acad,337 E 107th St,Chicago,IL,
289,Wadsworth CPC,6407 S Blackstone Av,Chicago,IL,
290,Dumas CPC,6615 S Kenwood Av,Chicago,IL,
291,Bouchet Alexander Annex,7401 S Chappel Av,Chicago,IL,
292,Rosenwald,2541 W 80th St,Chicago,IL,
293,St Priscilla,7001 W Addison St,Chicago,IL,
294,Brown Acad,12607 S Union Av,Chicago,IL,
295,"Brown, William",54 N Hermitage Av,Chicago,IL,
296,L.E.A.R.N. Charter School,1132 S Homan Ave,Chicago,IL,
297,Agape Love Academy,8959 S BEVERLY AVE,Chicago,IL,
298,C A L A - WEST?,3814 W IOWA ST,Chicago,IL,
299,CORNERSTONE ACADEMY?,1111 N WELLS ST,Chicago,IL,
300,LINC ALT HIGH SCHOOL,125 N CLARK ST,Chicago,IL,
301,Green Wendell,1150 W 96th St,Chicago,IL,
302,Harlan HS,9652 S Michigan Av,Chicago,IL,
303,Marsh,9810 S Exchange Av,Chicago,IL,
304,Taylor,9912 S Avenue H,Chicago,IL,
305,Evers,9811 S Lowe Av,Chicago,IL,
306,Lawrence,9928 S Crandon Av,Chicago,IL,
307,Corliss HS,821 E 103rd St,Chicago,IL,
308,Garvey Marcus,10309 S Morgan St,Chicago,IL,
309,Julian HS,10330 S Elizabeth St,Chicago,IL,
310,Hughes L,226 W 104th St,Chicago,IL,
311,Barnard,10354 S Charles St,Chicago,IL,
312,Kohn,10414 S State St,Chicago,IL,
313,Poe Classical,10538 S Langley Av,Chicago,IL,
314,Mt Vernon,10540 S Morgan St,Chicago,IL,
315,Bright Branch,10740 S Calhoun Av,Chicago,IL,
316,Cullen,10650 S Eberhart Av,Chicago,IL,
317,Addams,10810 S Avenue H,Chicago,IL,
318,Keller Magnet,3020 W 108th St,Chicago,IL,
319,Lavizzo Elm,138 W 109th St,Chicago,IL,
320,Dunne,10845 S Union Av,Chicago,IL,
321,Mt Greenwood,10841 S Homan Av,Chicago,IL,
322,Brooks College Prep,250 E 111th St,Chicago,IL,
323,Clissold,2350 W 110th Pl,Chicago,IL,
324,Morgan Park HS,1744 W Pryor Av,Chicago,IL,
325,Chicago Agricultural HS,3807 W 111th St,Chicago,IL,
326,Fenger HS,11220 S Wallace St,Chicago,IL,
327,Esmond,1865 W Montvale Av,Chicago,IL,
328,Pullman,11311 S Forrestville Av,Chicago,IL,
329,Cassell,11314 S Spaulding Av,Chicago,IL,
330,Haley,11411 S Eggleston Av,Chicago,IL,
331,Curtis,32 E 115th St,Chicago,IL,
332,Marist HS,4200 W 115th St,Chicago,IL,
333,Whistler,11533 S Ada St,Chicago,IL,
334,Songhai,11725 S Perry Av,Chicago,IL,
335,St Walter,11741 S Western Av,Chicago,IL,
336,Salem Christian Acad,11816 S Indiana Av,Chicago,IL,
337,West Pullman,11941 S Parnell Av,Chicago,IL,
338,White,1136 W 122nd St,Chicago,IL,
339,St Florian,13110 S Baltimore Av,Chicago,IL,
340,Our Lady of the Gardens,13300 S Langley Av,Chicago,IL,
341,Goldsmith Elementary,10211 S Crandon Av,Chicago,IL,
342,Gallistel,10200 S Avenue J,Chicago,IL,
343,Al Raby,3545 W Fulton Ave,Chicago,IL,
344,Shedd Branch,200 E 99th St,Chicago,IL,
345,Gloria Dei Lutheran,5259 S Major Av,Chicago,IL,
346,Mount Carmel HS,6410 S Dante Av,Chicago,IL,
347,St Mary Star of the Sea,6424 S Kenneth Av,Chicago,IL,
348,Maria HS,6727 S California Av,Chicago,IL,
349,Nativity BVM,6820 S Washtenaw Av,Chicago,IL,
350,Chicago Urban Day School,1248 W 69th St,Chicago,IL,
351,Wentworth,6950 S Sangamon St,Chicago,IL,
352,Chicago SDA Acad,7008 S Michigan Av,Chicago,IL,
353,Yale,7025 S Princeton Av,Chicago,IL,
354,Faulkner School,7110 S Coles Av,Chicago,IL,
355,St Philip Neri,2110 E 72nd St,Chicago,IL,
356,St Columbanus School,7120 S Calumet Av,Chicago,IL,
357,Queen of the Universe,7130 S Hamlin Av,Chicago,IL,
358,Sullivan House School,7305 S Clyde Av,Chicago,IL,
359,West Englewood Christian Community,7326 S Racine Av,Chicago,IL,
360,Southside Acad,7342 S Hoyne Av,Chicago,IL,
361,Stagg,7424 S Morgan St,Chicago,IL,
362,MauGlo Day Care Special Ed,2357 E 75th St,Chicago,IL,
363,South Shore HS,7529 S Constance Av,Chicago,IL,
364,Roseland Christian,314 W 108th St,Chicago,IL,
365,Maranatha Christian Acad,115 W 108th St,Chicago,IL,
366,Zion Lutheran School,10858 S Dr Martin Luther King Jr Dr,Chicago,IL,
367,Tabernacle Christian Acad,1223 W 109th Pl,Chicago,IL,
368,Council Oak Montessori,11030 S Longwood Dr,Chicago,IL,
369,Annunciata,3750 E 112th St,Chicago,IL,
370,St Christina,3333 W 110th St,Chicago,IL,
371,Morgan Park Acad,2153 W 111th St,Chicago,IL,
372,Shoop,1460 W 112th St,Chicago,IL,
373,Plaid Acad,11156 S Hoyne Av,Chicago,IL,
374,St Cajetan School,2447 W 112th St,Chicago,IL,
375,Washington HS,3535 E 114th St,Chicago,IL,
376,George Washington,3611 E 114th St,Chicago,IL,
377,Vick Center,2554 W 113th St,Chicago,IL,
378,Hedges Branch,1954 W 48th St,Chicago,IL,
379,Overton CPC,4935 S Indiana Av,Chicago,IL,
380,Cockrell CPC,30 E 61st St,Chicago,IL,
381,Kinzie School,5625 S Mobile Av,Chicago,IL,
382,Fleming Branch,4918 W 64th St,Chicago,IL,
383,CHICACO MONTESSORI?,2205 W BELMONT AVE,Chicago,IL,
384,ESLUP RAPID LEARNING CENTER?,710 W 61ST PL,Chicago,IL,
385,NEW WAY LEARNING CENTER?,2300 N NARRAGANSETT AVE,Chicago,IL,
386,IMMACULATE CONCEPTION?,8739 S EXCHANGE AVE,Chicago,IL,
387,BEACON THERAPEUTIC SCHOOL?,10650 S LONGWOOD DR,Chicago,IL,
388,RIDGE ACADEMY,2501 W 103RD ST,Chicago,IL,
389,CHICAGO CHILD CARE SOCIETY?,5473 S UNIVERSITY AVE,Chicago,IL,
390,AHADI EARLY LEARNING CENTER?,2257 E 72ND ST,Chicago,IL,
391,IMMACULATE CONCEPTION,1431 N PARK AVE?,Chicago,IL,
392,HUNTER-BOLDEN ACADEMY?,512 N MCCLURG CT,Chicago,IL,
393,Developmental Institute,10928 S. Halsted St,Chicago,IL,
394,BURNHAM/ANTHONY INCLUSIVE ACADEMY,9800 S TORRENCE AVE,Chicago,IL,
395,Antonia Pantoja High School,3121 N Pulaski Rd,Chicago,IL,
396,EDWARD BEASELY CHILD PARENT CENTER,5165 S STATE ST,Chicago,IL,
397,BLACK ROBERT A BR - BLACK MAGNET,7133 S COLES AVE,Chicago,IL,
398,ST. KEVIN EARLY CHILDHOOD PROGRAM,10509 S TORRENCE AVE,Chicago,IL,
399,FRAZIER INTERNATIONAL MAGNET SCHOOL,4027 W GRENSHAW ST,Chicago,IL,
400,JOHN H HAMLINE BR - HAMLINE,1548 W 48TH ST,Chicago,IL,
401,HAMLINE BRANCH II,4652 S BISHOP ST,Chicago,IL,
402,HERZL CHILD-PARENT-CENTER BR -HERZL,1401 S HAMLIN AVE,Chicago,IL,
403,IDOC/HEALY BR - N JEFFERSON ALT SCH,100 N WESTERN AVE,Chicago,IL,
404,IDOC/HEALY SOUTH,8007 S COTTAGE GROVE AVE,Chicago,IL,
405,NANCY B JEFFERSON ALT SCHOOL,1100 S HAMILTON AVE,Chicago,IL,
406,JAMES WELDON JOHNSON SCHOOL,1504 S ALBANY AVE,Chicago,IL,
407,NOBLE - ESCALANTE COLLEGE PREP,1460 W SUPERIOR ST,Chicago,IL,
408,NOBLE - ROWE-CLARK MATH & SCI ACAD,3645 W CHICAGO AVE,Chicago,IL,
409,FRANCIS W PARKER CHILD-PARENT-CNT,328 W 69TH ST,Chicago,IL,
410,PEACE AND EDUCATION COALITION HS,4541 S WOOD ST,Chicago,IL,
411,POLARIS CHARTER ACADEMY,620 N SAWYER AVE,Chicago,IL,
412,FRIEDRICK VON SCHILLER C - P CENTER,1409 N OGDEN AVE,Chicago,IL,
413,SECOND CHANCE ALTERNATIVE HS,5114 S ELIZABETH ST,Chicago,IL,
414,STEVENSON BRANCH,,Chicago,IL,
415,JOSEPH STOCKTON C - P CENTER,4425 N MAGNOLIA AVE,Chicago,IL,
416,UNO Charter Octavio Paz Campus,2651 W 23RD ST,Chicago,IL,
417,WOODSON SOUTH C - P CENTER BR,4511 S EVANS AVE,Chicago,IL,
418,CONSUELLA B. YORK ALTERNATIVE HS,2700 S CALIFORNIA AVE,Chicago,IL,
419,LINC ALT HIGH SCHOOL,5035 W NORTH AVE,Chicago,IL,
420,Masters Academy,6607 S DR MARTIN LUTHER KING DR,Chicago,IL,
421,CHICAGO JESUIT ACADEMY,212 S FRANCISCO AVE,Chicago,IL,
422,Misericordia Mcauley Residence,2060 W GRANVILLE AVE,Chicago,IL,
423,Montessori Dela Citta,1501 W FULLERTON AVE,Chicago,IL,
424,Old St Marys School,1532 S Michigan Ave,Chicago,IL,
425,Renaissance Preparatory School,719 S State St,Chicago,IL,
426,Loop Lab School,318 W ADAMS ST,Chicago,IL,
427,Nguzo Saba Moorish Science Academ,1929 W 87th St,Chicago,IL,
428,CHILD AND FAMILY DEVELOPMENT CENTER,5467 S UNIVERSITY AVE,Chicago,IL,
429,BRONZEVILLE LIGHTHOUSE CHARTER SCH,8 W ROOT ST,Chicago,IL,
430,GLS and Omega Christian Acad,649 W 117th Pl,Chicago,IL,
431,Little House Montessori,10809 S AVENUE F,Chicago,IL,
432,RANGE DAY SCHOOL INC,3806 S INDIANA AVE,Chicago,IL,
433,Latin School of Chicago Lower,1531 N Dearborn Pkwy,Chicago,IL,
434,Frances Xavier Warde School,751 N State St,Chicago,IL,
435,ICC Full Time School,5933 N Lincoln Ave,Chicago,IL,
436,ICCI Academy,6435 W BELMONT AVE,Chicago,IL,
437,Yeshivas Meor Hatorah,3050 W Touhy Ave,Chicago,IL,
438,Childrens Center Outreach,12803 S Halsted St,Chicago,IL,
439,Sanders Academy of Excellence,1425 W 112th St,Chicago,IL,
440,Holy Spirit Academy,1335 W 115th St,Chicago,IL,
441,SAUGANASH MONTESSORI SCH?,5752 N ROGERS AVE,Chicago,IL,
442,SAN MIGUEL SCH-GARY COMER CAMPUS?,819 N LEAMINGTON AVE,Chicago,IL,
443,UNITED EDUCATIONAL CULTURAL ACAD,1236 W 103RD ST,Chicago,IL,
444,JANE ADDAMS RESOURCE CORP,1800 W CUYLER AVE,Chicago,IL,
445,HUGGIE BEAR CHRISITAN ACADEMY?,1808 W 99TH ST,Chicago,IL,
446,COVENANT CHRTN ACAD OF CHICAGO?,9905 S WINSTON AVE,Chicago,IL,
447,VIVIAN E SUMMERS CHILD DEV PREP?,30 E 112TH PL,Chicago,IL,
448,MARIN PREPARATORY SCHOOL?,240 W RANDOLPH ST,Chicago,IL,
449,ST MARGARET MARY SCHOOL,7318 N OAKLEY AVE,Chicago,IL,
450,C A L A - NORTH,5959 N SHERIDAN RD,Chicago,IL,
451,HACC,7647 N PAULINA AVE,Chicago,IL,
452,MISERICORDIA HOME SOUTH,2916 W 47TH ST,Chicago,IL,
453,UHLICH ACADEMY,3110 W GRAND AVE,Chicago,IL,
454,DE LA SALLE INSTITUTE,16 E 35TH ST,Chicago,IL,
455,TRANSITIONAL ARTS ACADEMY,1522 N CLEVELAND AVE,Chicago,IL,
456,MAU-GLO DAY CARE/RETARDED CHILD?,4215 S VINCENNES AVE,Chicago,IL,
457,LATINO YOUTH ALTERNATIVE H S,2200 S MARSHALL BLVD,Chicago,IL,
458,LUBAVITCH GIRLS HIGH SCH,2754 W ROSEMONT AVE,Chicago,IL,
459,STEPPING STONES EARLY CHILDHOOD?,1300 E 75TH ST,Chicago,IL,
460,FRANCIS XAVIER WARDE SCHOOL?,120 S Des Plaines St,Chicago,IL,
461,HAJIRAH EDUCATION PROGRAM?,6400 N ARTESIAN AVE,Chicago,IL,
462,Lake Shore Schools,5611 N Clark St,Chicago,IL,
463,HAZEL YOUNG ACADEMY,1411 E 67TH STREET,Chicago,IL,
464,SCIENCE ACADEMY OF CHICAGO,2601 N MEADE AVE,Chicago,IL,
465,Chicago Hope Academy,2189 W Bowler St,Chicago,IL,
466,PACTT LEARNING CENTER?,7101 N GREENVIEW?AVE,Chicago,IL,
467,AUSTIN CAREER EDUCATION CENTER,5352 W CHICAGO AVE,Chicago,IL,
468,St Benedict the African 1,6547 S STEWART AVE,Chicago,IL,
469,LITTLE ANGELS,5117 N LINCOLN AVE?,Chicago,IL,
470,LITTLE HANDS LEARNING CENTER,2324 WEST 111TH ST,Chicago,IL,
471,CARDINAL BERNARDIN CENTER,1651 W DIVERSEY PKWY,Chicago,IL,
472,JEWISH CHILDREN BUREAU SCHOOL,3145 W PRATT AVE,Chicago,IL,
473,TEACH 21 DAY CARE INC,4343 N CLARENDON AVE,Chicago,IL,
474,COMM YOUTH DEVELOPMENT INSTITUTE,7832 S UNION AVE,Chicago,IL,
475,LYDIA URBAN ACADEMY,4300 W IRVING PARK RD,Chicago,IL,
476,ALPHA OMEGA MINISTRIES?,1251 N PARKSIDE AVE,Chicago,IL,
477,ST SAVA SCHOOL?,5701 N REDWOOD DR?,Chicago,IL,
478,Wonder Montessoui School,5644 N Pulaski Rd,Chicago,IL,
479,CHICAGO CHRISTIAN MONTESSORI ACAD,5700 N PULASKI RD,Chicago,IL,
480,LIBERTY SCHOOL OF CHRISTRIAN EDUC,6207 S UNIVERSITY AV,Chicago,IL,
481,PUERTO RICAN H S - PEDRO A CAMPOS,2739 W DIVISION ST,Chicago,IL,
482,Perspectives Charter,1915 S Federal St,Chicago,IL,
483,Schiller,640 W Scott St,Chicago,IL,
484,CHGO. INT. CHARTER - RALPH ELLISON,1547 W 95TH ST,Chicago,IL,
485,Chicago Jesuit Academy,5058 W Jackson Blvd,Chicago,IL,
486,CHICAGO VIRTUAL CHARTER SCHOOL,38 S PEORIA ST,Chicago,IL,
487,SKINNER,1443 N. OGDEN AVE,Chicago,IL,
488,SIZEMORE - SHABAZZ,1540 W 84TH ST,Chicago,IL,
489,New Field,1707 W. Morse Av,Chicago,IL,
490,TAMAYO CAMPUS,5157 S CALIFORNIA AV,Chicago,IL,
491,TARKINGTON,3300 W 71ST ST,Chicago,IL,
492,LITTLE VILLAGE CAMPUS,3120 S KOSTNER AV,Chicago,IL,
493,HAUGAN MIDDLE - ASPIRA,3729 W LELAND ST,Chicago,IL,
494,WOODLAWN,6657 S KIMBARK AV,Chicago,IL,
495,U of C CHARTER - DONOGHUE,707 E 37TH ST,Chicago,IL,
496,CHICAGO VIRTUAL,225 N. MICHIGAN AV,Chicago,IL,
497,UNO BARTOLOME,1641 W 16TH ST,Chicago,IL,
498,Faraday,3250 W Monroe St,Chicago,IL,
499,Grant,145 S Campbell Av,Chicago,IL,
500,Marshall Metro HS,3250 W Adams St,Chicago,IL,
501,Humboldt Comunity Christian School,1847 N Humboldt Bl,Chicago,IL,
502,Sayre Lang Acad,1850 N Newland Av,Chicago,IL,
503,Latin School of Chicago,59 W North Bl,Chicago,IL,
504,Josephinum HS,1501 N Oakley Bl,Chicago,IL,
505,Maternity BVM,1537 N Lawndale Av,Chicago,IL,
506,Casals Pablo,3501 W Potomac Av,Chicago,IL,
507,Andersen Commercial,1148 N Honore St,Chicago,IL,
508,Walter Payton,1034 N Wells St,Chicago,IL,
509,Salazar Bilingual Education Ctr,160 W Wendell St,Chicago,IL,
510,Jenner,1009 N Cleveland Av,Chicago,IL,
511,Ogden,24 W Walton St,Chicago,IL,
512,Piccolo,1040 N Keeler Av,Chicago,IL,
513,Young Womens Leadership,2641 S Calumet Ave,Chicago,IL,
514,St Bruno,4839 S Harding Av,Chicago,IL,
515,Grace English Lutheran,2725 N Laramie Av,Chicago,IL,
516,Schubert,2727 N Long Av,Chicago,IL,
517,St Clement,2524 N Orchard St,Chicago,IL,
518,St William,2559 N Sayre Av,Chicago,IL,
519,St Genevieve,4854 W Montana St,Chicago,IL,
520,Belmont Craigin,2456 N Mango Av,Chicago,IL,
521,St Josaphat,2245 N Southport Av,Chicago,IL,
522,Jehovah Lutheran School,3740 W Belden Av,Chicago,IL,
523,St James Lutheran,2101 N Fremont St,Chicago,IL,
524,St Sylvester,3027 W Palmer Bl,Chicago,IL,
525,Salem Christian School West,2845 W Mc Lean Av,Chicago,IL,
526,St Mary of the Angels,1810 N Hermitage Av,Chicago,IL,
527,Yates,1839 N Richmond St,Chicago,IL,
528,St Paul Lutheran 2,846 N Menard Av,Chicago,IL,
529,Bernard Zell Anshe,3760 N Pine Grove Av,Chicago,IL,
530,Chicago Day School,541 W Hawthorne Pl,Chicago,IL,
531,Santa Maria Addolorata,1337 W Ohio St,Chicago,IL,
532,Westinghouse HS,3301 W Franklin Bl,Chicago,IL,
533,Ward Laura,410 N Monticello Av,Chicago,IL,
534,Learning Network,5911 W Midway Park,Chicago,IL,
535,Mars Hill School,5916 W Lake St,Chicago,IL,
536,Westown Acad,2021 W Fulton St,Chicago,IL,
537,Spencer Acad,214 N Lavergne Av,Chicago,IL,
538,St John Berchmans 1,2509 W Logan Bl,Chicago,IL,
539,Francis Parker,330 W Webster Av,Chicago,IL,
540,St Thomas of Canterbury,4827 N Kenmore Av,Chicago,IL,
541,Tilton,223 N Keeler Av,Chicago,IL,
542,St Malachy,2252 W Washington Bl,Chicago,IL,
543,Bethel LCA Christian,4215 W West End Av,Chicago,IL,
544,Circle/Rock Prep,118 N Central Av,Chicago,IL,
545,Acad of Scholastic,4651 W Madison St,Chicago,IL,
546,Ravenswood,4332 N Paulina St,Chicago,IL,
547,Brennemann,4251 N Clarendon Av,Chicago,IL,
548,Henry,4250 N St Louis Av,Chicago,IL,
549,Belding,4257 N Tripp Av,Chicago,IL,
550,Bateman,4220 N Richmond St,Chicago,IL,
551,Courtenay,1726 W Berteau Av,Chicago,IL,
552,Disney Magnet,4140 N Marine Dr,Chicago,IL,
553,Portage Park,5330 W Berteau Av,Chicago,IL,
554,Lake View HS,4015 N Ashland Av,Chicago,IL,
555,Coonley,4046 N Leavitt St,Chicago,IL,
556,Greeley,832 W Sheridan Rd,Chicago,IL,
557,Cleveland,3121 W Byron St,Chicago,IL,
558,Blaine,1420 W Grace St,Chicago,IL,
559,Irving Park Middle,3815 N Kedvale Av,Chicago,IL,
560,Bell,3730 N Oakley Av,Chicago,IL,
561,Murphy,3539 W Grace St,Chicago,IL,
562,Bridge,3800 N New England Av,Chicago,IL,
563,Gray,3730 N Laramie Av,Chicago,IL,
564,Lemoyne,851 W Waveland Av,Chicago,IL,
565,Canty,3740 N Panama Av,Chicago,IL,
566,Lane Tech HS,2501 W Addison St,Chicago,IL,
567,Hamilton,1650 W Cornelia Av,Chicago,IL,
568,Audubon,3500 N Hoyne Av,Chicago,IL,
569,CHICAGO ACADEMY,3400 N Austin Av,Chicago,IL,
570,Hawthorne Acad,3319 N Clifton Av,Chicago,IL,
571,Reinberg,3425 N Major Av,Chicago,IL,
572,Dever,3436 N Osceola Av,Chicago,IL,
573,Nettelhorst,3252 N Broadway,Chicago,IL,
574,Reilly,3650 W School St,Chicago,IL,
575,Linne,3221 N Sacramento Av,Chicago,IL,
576,Foreman HS,3235 N Leclaire Av,Chicago,IL,
577,Jahn,3149 N Wolcott Av,Chicago,IL,
578,Gale Commercial Acad,1631 W Jonquil Ter,Chicago,IL,
579,Jordan,7414 N Wolcott Av,Chicago,IL,
580,Stock,7507 W Birchwood Av,Chicago,IL,
581,Rogers,7345 N Washtenaw Av,Chicago,IL,
582,Armstrong George,2111 W Estes Av,Chicago,IL,
583,Field,7019 N Ashland Bl,Chicago,IL,
584,Decatur Classical,7030 N Sacramento Av,Chicago,IL,
585,Kilmer,6700 N Greenview Av,Chicago,IL,
586,Ebinger,7350 W Pratt Av,Chicago,IL,
587,Boone,6710 N Washtenaw Av,Chicago,IL,
588,Sullivan HS,6631 N Bosworth Av,Chicago,IL,
589,Edgebrook,6525 N Hiawatha Av,Chicago,IL,
590,Stone Acad,6239 N Leavitt St,Chicago,IL,
591,Hayt,1518 W Granville Av,Chicago,IL,
592,Onahan,6634 W Raven St,Chicago,IL,
593,Clinton,6110 N Fairfield Av,Chicago,IL,
594,Edison,6220 N Olcott Av,Chicago,IL,
595,Sauganash,6040 N Kilpatrick Av,Chicago,IL,
596,Chicago International Northtown,3900 W Peterson Av,Chicago,IL,
597,Swift,5900 N Winthrop Av,Chicago,IL,
598,Norwood Park,5900 N Nina Av,Chicago,IL,
599,Mather HS,5835 N Lincoln Av,Chicago,IL,
600,Taft HS,6545 W Hurlbut St,Chicago,IL,
601,Jamieson,5650 N Mozart St,Chicago,IL,
602,Hitch,5625 N Mc Vicker Av,Chicago,IL,
603,North Side Learning Center,3730 W Bryn Mawr Av,Chicago,IL,
604,Peirce,1423 W Bryn Mawr Av,Chicago,IL,
605,Northside College Prep,5501 N Kedzie Av,Chicago,IL,
606,Peterson,5510 N Christiana Av,Chicago,IL,
607,Farnsworth,5414 N Linder Av,Chicago,IL,
608,Oriole Park,5424 N Oketo Av,Chicago,IL,
609,Goudy,5120 N Winthrop Av,Chicago,IL,
610,Garvy John,5225 N Oak Park Av,Chicago,IL,
611,Chappell,5145 N Leavitt St,Chicago,IL,
612,Amundsen HS,5110 N Damen Av,Chicago,IL,
613,Budlong,2701 W Foster Av,Chicago,IL,
614,Palmer,5051 N Kenneth Av,Chicago,IL,
615,Dirksen,8601 W Foster Av,Chicago,IL,
616,Beaubien,5025 N Laramie Av,Chicago,IL,
617,Hibbard,3244 W Ainslie St,Chicago,IL,
618,Burley,1630 W Barry Av,Chicago,IL,
619,Steinmetz HS,3030 N Mobile Av,Chicago,IL,
620,Falconer,3020 N Lamon Av,Chicago,IL,
621,Avondale,2945 N Sawyer Av,Chicago,IL,
622,Agassiz,2851 N Seminary Av,Chicago,IL,
623,Logandale Middle,3212 W George St,Chicago,IL,
624,Lyon,2941 N Mc Vicker Av,Chicago,IL,
625,Barry,2828 N Kilbourn Av,Chicago,IL,
626,Locke,2845 N Newcastle Av,Chicago,IL,
627,Brentano,2723 N Fairfield Av,Chicago,IL,
628,Alcott,2625 N Orchard St,Chicago,IL,
629,Monroe,3651 W Schubert Av,Chicago,IL,
630,Prescott,1632 W Wrightwood Av,Chicago,IL,
631,Kelvyn Park HS,4343 W Wrightwood Av,Chicago,IL,
632,Lincoln,615 W Kemper Pl,Chicago,IL,
633,Darwin,3116 W Belden Av,Chicago,IL,
634,Mayer,2250 N Clifton Av,Chicago,IL,
635,Hanson Park,5411 W Fullerton Av,Chicago,IL,
636,Goethe,2236 N Rockwell St,Chicago,IL,
637,Mozart,2200 N Hamlin Av,Chicago,IL,
638,Chicago International - West Belden,2245 N Mc Vicker Av,Chicago,IL,
639,Northwest Middle,5252 W Palmer St,Chicago,IL,
640,Lincoln Park HS,2001 N Orchard St,Chicago,IL,
641,Prosser Vocational HS,2148 N Long Av,Chicago,IL,
642,Nixon,2121 N Keeler Av,Chicago,IL,
643,Lloyd,2103 N Lamon Av,Chicago,IL,
644,Pulaski Commercial Acad,2230 W Mc Lean Av,Chicago,IL,
645,Chase,2021 N Point St,Chicago,IL,
646,Funston,2010 N Central Park Av,Chicago,IL,
647,Burbank,2035 N Mobile Av,Chicago,IL,
648,Ames School,1920 N Hamlin Av,Chicago,IL,
649,Manierre,1420 N Hudson Av,Chicago,IL,
650,Lozano Bilingual,1424 N Cleaver St,Chicago,IL,
651,Sabin Magnet,2216 W Hirsch St,Chicago,IL,
652,Lewis,1431 N Leamington Av,Chicago,IL,
653,Pritzker,2009 W Schiller St,Chicago,IL,
654,Franklin Magnet,225 W Evergreen Av,Chicago,IL,
655,Lowell,3320 W Hirsch St,Chicago,IL,
656,De Diego Commercial Acad,1313 N Claremont Av,Chicago,IL,
657,Nobel,4127 W Hirsch St,Chicago,IL,
658,Cameron,1234 N Monticello Av,Chicago,IL,
659,Noble Street Charter,1400 W Augusta Bl,Chicago,IL,
660,Lafayette,2714 W Augusta Bl,Chicago,IL,
661,Columbus,1003 N Leavitt St,Chicago,IL,
662,Hay Community Acad,1018 N Laramie Av,Chicago,IL,
663,Brunson,5600 W Iowa St,Chicago,IL,
664,Chopin,2450 W Rice St,Chicago,IL,
665,Near North Special Education Ctr,739 N Ada St,Chicago,IL,
666,Orr HS,730 N Pulaski Rd,Chicago,IL,
667,Carpenter,1250 W Erie St,Chicago,IL,
668,Howe,720 N Lorel Av,Chicago,IL,
669,Ryerson,646 N Lawndale Av,Chicago,IL,
670,Talcott,1840 W Ohio St,Chicago,IL,
671,McCutcheon,4865 N Sheridan Rd,Chicago,IL,
672,Beard Special Education Center,6445 W Strong St,Chicago,IL,
673,McPherson,4728 N Wolcott Av,Chicago,IL,
674,Bais Yaakov Hebrew,6110 N California Av,Chicago,IL,
675,CICS - ELLISON,8101 S HONORE ST,Chicago,IL,
676,Arai Middle,900 W Wilson Av,Chicago,IL,
677,Prussing,4650 N Menard Av,Chicago,IL,
678,Stewart,4525 N Kenmore Av,Chicago,IL,
679,Haugan,4540 N Hamlin Av,Chicago,IL,
680,Stockton,4420 N Beacon St,Chicago,IL,
681,Drummond,1845 W Cortland St,Chicago,IL,
682,Newberry Magnet,700 W Willow St,Chicago,IL,
683,McAuliffe,1841 N Springfield Av,Chicago,IL,
684,LaSalle Language Acad,1734 N Orleans St,Chicago,IL,
685,Moos,1711 N California Av,Chicago,IL,
686,Stowe HB,3444 W Wabansia Av,Chicago,IL,
687,Burr,1621 W Wabansia Av,Chicago,IL,
688,Lovett,6333 W Bloomingdale Av,Chicago,IL,
689,Lake Shore Prep School,300 W Hill St,Chicago,IL,
690,May Community Acad,512 S Lavergne Av,Chicago,IL,
691,Leland,5221 W Congress Pkwy,Chicago,IL,
692,Armstrong Louis,5345 W Congress Pkwy,Chicago,IL,
693,Clark Middle,5101 W Harrison St,Chicago,IL,
694,Otis,525 N Armour St,Chicago,IL,
695,Mitchell,2233 W Ohio St,Chicago,IL,
696,Nash,4837 W Erie St,Chicago,IL,
697,Douglas Middle Acad,543 N Waller Av,Chicago,IL,
698,Key,517 N Parkside Av,Chicago,IL,
699,Morton Career Acad,431 N Troy St,Chicago,IL,
700,Austin HS,231 N Pine Av,Chicago,IL,
701,Beidler,3151 W Walnut St,Chicago,IL,
702,Ellington,224 N Central Av,Chicago,IL,
703,Yeshivas Tiferes Tzvi,6122 N. California,Chicago,IL,
704,Dett,2306 W Maypole Av,Chicago,IL,
705,Rudolph Learning Center,110 N Paulina St,Chicago,IL,
706,Marconi,230 N Kolmar Av,Chicago,IL,
707,Suder,2022 W Washington Bl,Chicago,IL,
708,Cather,2908 W Washington Bl,Chicago,IL,
709,Dodge,2651 W Washington Bl,Chicago,IL,
710,Acad of Comm & Technology,4319 W Washington Bl,Chicago,IL,
711,Emmet,5500 W Madison St,Chicago,IL,
712,Von Humboldt,2620 W Hirsch St,Chicago,IL,
713,Christ English Lutheran,5335 W Le Moyne St,Chicago,IL,
714,West Park Acad,1425 N Tripp Av,Chicago,IL,
715,Young,1434 N Parkside Av,Chicago,IL,
716,St Angela,1332 N Massasoit Av,Chicago,IL,
717,Near North Montessori,1434 W Division St,Chicago,IL,
718,Irving,749 S Oakley Bl,Chicago,IL,
719,King,740 S Campbell Av,Chicago,IL,
720,Galileo Scholastic,820 S Carpenter St,Chicago,IL,
721,The Associated Talmud Torahs,2828 W Pratt Bl,Chicago,IL,
722,Sun Shine School,2100 W Devon Av,Chicago,IL,
723,Lubavitch Girls HS,6350 N Whipple St,Chicago,IL,
724,Hanna Sacks Bais,3021 W Devon Av,Chicago,IL,
725,Sacred Heart School,6250 N Sheridan Rd,Chicago,IL,
726,St Thecla,6323 N Newcastle Av,Chicago,IL,
727,St Gertrude,6216 N Glenwood Av,Chicago,IL,
728,Solomon,6206 N Hamlin Av,Chicago,IL,
729,Jewish Children Bureau,6014 N California Av,Chicago,IL,
730,Resurrection HS,7500 W Talcott Av,Chicago,IL,
731,Rogers Park Montessori,1244 W Thorndale Av,Chicago,IL,
732,Bais Yaakov HS,3333 W Peterson Av,Chicago,IL,
733,Our Lady of Victory,4434 N Laramie Av,Chicago,IL,
734,The Rosenwald School,2017 W Montrose Av,Chicago,IL,
735,St John EV Lutheran School,4939 W Montrose Av,Chicago,IL,
736,Pilgram Lutheran School,4300 N Winchester Av,Chicago,IL,
737,Vaughn Occupational HS,4355 N Linder Av,Chicago,IL,
738,Smyser,4310 N Melvina Av,Chicago,IL,
739,Day School,800 W Buena Av,Chicago,IL,
740,St Alphonsus,1439 W Wellington Av,Chicago,IL,
741,Schneider,2957 N Hoyne Av,Chicago,IL,
742,Providence St Mel,119 S Central Park Bl,Chicago,IL,
743,Beverly Montessori,9916 S Walden Pkwy,Chicago,IL,
744,Mother McAuley HS,3737 W 99th St,Chicago,IL,
745,St Francis de Sales HS,10155 S Ewing Av,Chicago,IL,
746,Brother Rice HS,10001 S Pulaski Rd,Chicago,IL,
747,Crown Commercial Acad,2128 S St Louis Av,Chicago,IL,
748,Hammond,2819 W 21st Pl,Chicago,IL,
749,Paderewski,2221 S Lawndale Av,Chicago,IL,
750,Kanoon Magnet,2233 S Kedzie Av,Chicago,IL,
751,Haines,247 W 23rd Pl,Chicago,IL,
752,Graham Training Center,2347 S Wabash Av,Chicago,IL,
753,Finkl,2332 S Western Av,Chicago,IL,
754,Farragut HS,2345 S Christiana Av,Chicago,IL,
755,Kellman Corp,751 S Sacramento Bl,Chicago,IL,
756,Little Village Acad,2620 S Lawndale Av,Chicago,IL,
757,McCormick,2712 S Sawyer Av,Chicago,IL,
758,Dunbar Vocational HS,3000 S Dr Martin Luther King Jr Dr,Chicago,IL,
759,Madero Middle,3202 W 28th St,Chicago,IL,
760,Healy,3010 S Parnell Av,Chicago,IL,
761,Pershing Magnet,3113 S Rhodes Av,Chicago,IL,
762,Holden,1104 W 31st St,Chicago,IL,
763,Ortiz de Dominguez ES,3000 S Lawndale Av,Chicago,IL,
764,Holy Trinity HS,1443 W Division St,Chicago,IL,
765,St Mark,2510 W Cortez St,Chicago,IL,
766,Wells HS,936 N Ashland Av,Chicago,IL,
767,Holy Family Lutheran School,4256 W Walton St,Chicago,IL,
768,Sutherland,10015 S Leavitt St,Chicago,IL,
769,Bennett,10115 S Prairie Av,Chicago,IL,
770,Gallistel Languge Acad,10347 S Ewing Av,Chicago,IL,
771,St Scholastica HS,7416 N Ridge Bl,Chicago,IL,
772,North Shore School,1217 W Chase Av,Chicago,IL,
773,Yeshiva Shearis Yisroel,2620 W Touhy Av,Chicago,IL,
774,St Juliana,7400 W Touhy Av,Chicago,IL,
775,St Mary of the Woods,7033 N Moselle Av,Chicago,IL,
776,Wildwood,6950 N Hiawatha Av,Chicago,IL,
777,Senn Metro Acad,5900 N Glenwood Av,Chicago,IL,
778,St Tracissus,6040 W Ardmore Av,Chicago,IL,
779,Immaculate Conception 2,7263 W Talcott Av,Chicago,IL,
780,St Hillary,5614 N Fairfield Av,Chicago,IL,
781,St Philip Lutheran,2500 W Bryn Mawr Av,Chicago,IL,
782,St Ita,5525 N Magnolia Av,Chicago,IL,
783,Care a Lot,5522 N Milwaukee Av,Chicago,IL,
784,Trumbull,5200 N Ashland Av,Chicago,IL,
785,St Cornelius,5252 N Long Av,Chicago,IL,
786,St Eugene,7930 W Foster Av,Chicago,IL,
787,St Monica,5115 N Montclare Av,Chicago,IL,
788,Volta,4950 N Avers Av,Chicago,IL,
789,St Matthias,4910 N Claremont Av,Chicago,IL,
790,Lawrence Hall Youth Services,4833 N Francisco Av,Chicago,IL,
791,St Constance,5841 W Strong St,Chicago,IL,
792,Our Lady of Lourdes 2,4641 N Ashland Av,Chicago,IL,
793,Roosevelt HS,3436 W Wilson Av,Chicago,IL,
794,St Robert Bellarmine,6036 W Eastwood Av,Chicago,IL,
795,Waters,4540 N Campbell Av,Chicago,IL,
796,Queen of Angels,4520 N Western Av,Chicago,IL,
797,Ravenswood Baptist School,4437 N Seeley Av,Chicago,IL,
798,St Edward,4343 W Sunnyside Av,Chicago,IL,
799,Luther HS North,5700 W Berteau Av,Chicago,IL,
800,Lycee Francais de Chicago,613 W Bittersweet Pl,Chicago,IL,
801,Park View Lutheran,3919 N Monticello Av,Chicago,IL,
802,St Pascal,6143 W Irving Park Rd,Chicago,IL,
803,Immaculate Heart of Mary,3820 N Spaulding Av,Chicago,IL,
804,Gordon Tech HS,3633 N California Av,Chicago,IL,
805,Thorp Acad,6024 W Warwick Av,Chicago,IL,
806,Lake View Acad,716 W Addison St,Chicago,IL,
807,St Andrew,1710 W Addison St,Chicago,IL,
808,St Viator,4140 W Addison St,Chicago,IL,
809,Messiah Lutheran School,6200 W Patterson Av,Chicago,IL,
810,St Bartholomew School,4941 W Patterson Av,Chicago,IL,
811,St Francis Borgia,3535 N Panama Av,Chicago,IL,
812,Our Savior,7151 W Cornelia Av,Chicago,IL,
813,St Ladislaus,3330 N Lockwood Av,Chicago,IL,
814,Scammon,4201 W Henderson St,Chicago,IL,
815,Mt Carmel Acad,720 W Belmont Av,Chicago,IL,
816,St Luke Lutheran School,1500 W Belmont Av,Chicago,IL,
817,Belmont Christian School,6120 W Belmont Av,Chicago,IL,
818,Resurrection Catholic Acad,2845 W Barry Av,Chicago,IL,
819,Notre Dame HS,3000 N Mango Av,Chicago,IL,
820,Mighty Good Christian Acad,10200 S Torrence Av,Chicago,IL,
821,St Helena's School,10115 S Parnell Av,Chicago,IL,
822,St Barnabas,10121 S Longwood Dr,Chicago,IL,
823,St John De La Salle,10212 S Vernon Av,Chicago,IL,
824,Bethlehem Lutheran,3715 E 103rd St,Chicago,IL,
825,Smith,744 E 103rd St,Chicago,IL,
826,Fernwood,10041 S Union Av,Chicago,IL,
827,North River,4416 N. Troy St,Chicago,IL,
828,Passages Charter,1447 W Montrose Av,Chicago,IL,
829,Ramirez Computer Science,2431 N Western Av,Chicago,IL,
830,Chicago International-Bucktwn,2235 N Hamilton St,Chicago,IL,
831,De Duprey,1405 N Washtenaw Av,Chicago,IL,
832,Peabody,1444 W Augusta Bl,Chicago,IL,
833,Greene,3525 S Honore St,Chicago,IL,
834,Orozco,1940 W 18th St,Chicago,IL,
835,Orozco,1940 W 18th St,Chicago,IL,
836,National Teachers Acad,55 W Cermak Rd,Chicago,IL,
837,Ariel,1119 E 46th St,Chicago,IL,
838,Columbia Explorers,4520 S Kedzie Av,Chicago,IL,
839,St Philomena School,4131 W Cortland St,Chicago,IL,
840,The Luthern Day Nursy Of Chgo,1802 N. Fairfield,Chicago,IL,
841,Dr Pedro Albizu Campos Hs,1671 N Claremont,Chicago,IL,
842,NEW HORIZON CENTER FOR THE DD?,6737 W FOREST PRESERVE AVE,Chicago,IL,
843,Daystar School,1550 S State St,Chicago,IL,
844,Faulkner School,1750 E 78th St,Chicago,IL,
845,Holy Angels School,750 E 40th St,Chicago,IL,
846,Hunter-Bolden Academy,5946 S Prairie Ave,Chicago,IL,
847,Interbusiness Institute,8700 W Bryn Mawr Ave,Chicago,IL,
848,Jane Addams High School,1814 S UNION AVE,Chicago,IL,
849,KIPP ASCEND CHARTER SCHOOL,715 S KILDARE AVE,Chicago,IL,
850,Latino Youth High School,2001 S CALIFORNIA AVE,Chicago,IL,
851,New Birth Training Institute,5510 W Chicago Ave,Chicago,IL,
852,New Way Learning Center,321 E 84th St,Chicago,IL,
853,NORTHWEST INST FOR CONTEMP ACAD,5108 W DIVISION ST,Chicago,IL,
854,Rogers Park Montessori School,1800 W Balmoral Ave,Chicago,IL,
855,Rush Day School,2150 W Harrison St,Chicago,IL,
856,Sauganash Montessori Sch,5750 N Rogers Ave,Chicago,IL,
857,St Patrick HS,5900 W Belmont Av,Chicago,IL,
858,Village Leadership Academy,4020 W Division St,Chicago,IL,
859,Westside Alternative High School,4909 W DIVISION ST,Chicago,IL,
860,ZAPATA BRANCH,2725 S KOLIN AVE,Chicago,IL,
861,Catherine Cook School,226 W Schiller,Chicago,IL,
862,Bethel Lutheran School,1410 N Springfield,Chicago,IL,
863,St Stanislaus Kostka,1255 N Noble,Chicago,IL,
864,Ray,5631 S Kimbark Av,Chicago,IL,
865,Chicago Intrntl - Washington Pk,6105 S Michigan Av,Chicago,IL,
866,Bass,1140 W 66th St,Chicago,IL,
867,Parker,6800 S Stewart Av,Chicago,IL,
868,St Rene Goupil,6340 S New England Av,Chicago,IL,
869,St Ethelreda,8734 S Paulina St,Chicago,IL,
870,Hampton,3434 W 77th St,Chicago,IL,
871,Sullivan,8331 S Mackinaw Av,Chicago,IL,
872,Coleman Johnnie,1441 W 119th St,Chicago,IL,
873,Lubavitch Boy'S High School,2756 W Morse Avenue,Chicago,IL,
874,Chicago Waldorf School,1300 W Loyola Ave,Chicago,IL,
875,Care A Lot,6441 N Central Ave,Chicago,IL,
876,Brisk Academy-Yeshivas Brisk,3000 W. Devon Avenue,Chicago,IL,
877,Cheder Lubavitch Hebrew Day Sc,3635 West Devon Avenue,Chicago,IL,
878,Victor C. Neumann Association,2447 W Granville Av,Chicago,IL,
879,Joan Dachs Bais Yaakov,3200 W Peterson Avenue,Chicago,IL,
880,Kiddie Kollege,6025 N California,Chicago,IL,
881,St Gregory High School,1677 W Bryn Mawr Ave,Chicago,IL,
882,Chicago West Side Christian Sch,1240 S Pulaski Rd,Chicago,IL,
883,North Shore S D A Jr Acdmy,5220 N California Ave,Chicago,IL,
884,Telshe High School,3535 W Foster Avenue,Chicago,IL,
885,Gateway To Learning,4925 N Lincoln,Chicago,IL,
886,Ace Tech Charter,5410 S State St,Chicago,IL,
887,Adler Schools,2239 W. Lawrence Avenue,Chicago,IL,
888,Portage Park Day Nursery,5332 W Addison St,Chicago,IL,
889,Akiba Schechter Day School,5235 S Cornell Ave,Chicago,IL,
890,Midwestern Christian Academy,3465 North Cicero Ave,Chicago,IL,
891,North Center For Handicapped C,5104 W Belmont,Chicago,IL,
892,St Ferdinand School,3131 North Mason Ave,Chicago,IL,
893,Chicago Christian Academy,5110 W Diversey,Chicago,IL,
894,Socrates School,6041 W Diversey Avenue,Chicago,IL,
895,Our Lady Of Grace School,2446 N Ridgeway Avenue,Chicago,IL,
896,A-Karrasel,5510 W Fullerton Ave,Chicago,IL,
897,Dayspring Christian Academy,5133 W Fullerton Av,Chicago,IL,
898,Anixter School,2032 N Clybourn,Chicago,IL,
899,Chicago Acad For The Arts,1010 W Chicago,Chicago,IL,
900,Carc/Sol School,4014 W Chicago Ave,Chicago,IL,
901,Esperanza Community Services,520 N Marshfield Street,Chicago,IL,
902,Cosmopolitan Preparatory,188 W. Randolph,Chicago,IL,
903,Itsy Bitsy People Palace,7419 S Cottage Grove Av,Chicago,IL,
904,Metropolitan Primary Academy,4540 W. Washington,Chicago,IL,
905,St Gall Elementary School,5515 South Sawyer Ave,Chicago,IL,
906,Univ Of Chicago Lab Sch,1362 E 59th St,Chicago,IL,
907,Sonia Sahnkman Orthogenic Scho,1365 E 60th Street,Chicago,IL,
908,Carc/Helen - Harris School,6006 S Pulaski Rd,Chicago,IL,
909,Cuffe,8324 S Racine Ave,Chicago,IL,
910,Cristo Rey Jesuit High School,1851 W Cermak Road,Chicago,IL,
911,St Paul Our Lady Of Vilna,2114 West 22nd Place,Chicago,IL,
912,Chinese Christian Union Church,2301 S Wentworth Ave,Chicago,IL,
913,St Agnes Of Bohemia School,2643 South Central Park,Chicago,IL,
914,St Barbara High School,2867 S Throop St,Chicago,IL,
915,Youth Connections Charter School,10 W 35th St,Chicago,IL,
916,Garfield Alternative High Scho,220 West 45th Place,Chicago,IL,
917,Kiddie Academy,2914 W 63rd,Chicago,IL,
918,Hope Lutheran School,6416 So Washtenaw,Chicago,IL,
919,Chicago Math/Science Academy,1709 W Lunt Ave,Chicago,IL,
920,Advantage Acad-Devry,3300 N Campbell Ave,Chicago,IL,
921,Ahadi Early Learning Center,2257 E 71st St,Chicago,IL,
922,ALBANY PARK MULTICULTURAL ACADEMY,4929 N SAWYER AVE,Chicago,IL,
923,Cheder Lubavitch Hebrew Day Sch,2809 W JARVIS AVE,Chicago,IL,
924,North-Grand,4338 W Wabansia Ave,Chicago,IL,
925,LHTBM SCHOOL OF THE SAINTS?,4226 N MELVINA AVE,Chicago,IL,
926,Norwood Park Christian School,3859 N Central Av,Chicago,IL,
927,Step Inc School,6740 South Shore Drive,Chicago,IL,
928,Muhammad University,7351 S Stony Island Av,Chicago,IL,
929,ITSY BITSY PEOPLE PALACE INC III,7411 S Cottage Grove Av,Chicago,IL,
930,School Of Entrepeneurship,7627 S Constance Ave,Chicago,IL,
931,True Believers Chr Acad Presch,7801 S Wolcott,Chicago,IL,
932,Genesis School Central,7831 S Lawndale Av,Chicago,IL,
933,Ezzard Charles School,7946 S Ashland Av,Chicago,IL,
934,Sullivan House,8164 S South Chicago Avenue,Chicago,IL,
935,South Central Alternative,1021 E. 83rd St,Chicago,IL,
936,St Bede The Venerable School,4440 West 83rd Street,Chicago,IL,
937,Pasteur,5825 S Kostner Av,Chicago,IL,
938,Nicholson Acad,6006 S Peoria St,Chicago,IL,
939,Copernicus,6010 S Throop St,Chicago,IL,
940,Carnagie,1414 E 61st Pl,Chicago,IL,
941,Morrill,6011 S Rockwell St,Chicago,IL,
942,Fiske,6145 S Ingleside Av,Chicago,IL,
943,Hyde Park H S,6220 S Stony Island Av,Chicago,IL,
944,Earle,6121 S Hermitage Av,Chicago,IL,
945,Carc Mary Alyce Remedial Cente,8701 South Bennett,Chicago,IL,
946,St Ailbe Elementary School,9037 S Harper Avenue,Chicago,IL,
947,Sacred Heart School,2906 East 96th Street,Chicago,IL,
948,St Margaret Of Scotland Sch,9833 South Throop Street,Chicago,IL,
949,Professional Play House,338-348 East 103rd St,Chicago,IL,
950,St John Fisher Elem School,10200 S Washtenaw Ave,Chicago,IL,
951,Byron Center,6050 N California Av,Chicago,IL,
952,Kipp Ascend Academy,4820 W Walton St,Chicago,IL,
953,Visitation,900 W Garfield Bl,Chicago,IL,
954,St Daniel the Prophet,5337 S Natoma Av,Chicago,IL,
955,Talman Community,5450 S Talman Av,Chicago,IL,
956,St Camillus,5434 S Lockwood Av,Chicago,IL,
957,Hancock,4034 W 56th St,Chicago,IL,
958,Sherwood,245 W 57th St,Chicago,IL,
959,St Turbius,4120 W 57th St,Chicago,IL,
960,Tonti,5815 S Homan Av,Chicago,IL,
961,Sexton AO,6020 S Langley Av,Chicago,IL,
962,Ross,6059 S Wabash Av,Chicago,IL,
963,St Benedict the African 2,6020 S Laflin St,Chicago,IL,
964,Solace Acad,6212 S Sangamon St,Chicago,IL,
965,Woods,6206 S Racine Av,Chicago,IL,
966,St Symphorosa,6125 S Austin Av,Chicago,IL,
967,St Nicholas of Tolentine,3741 W 62nd St,Chicago,IL,
968,Marshall Middle,3900 N Lawndale Av,Chicago,IL,
969,Albany Park Acad,5039 N KIMBALL AVE,Chicago,IL,
970,Clemente Community HS,1147 N Western Av,Chicago,IL,
971,Douglas Comm Acad,3200 S Calumet Av,Chicago,IL,
972,Armour,950 W 33rd Pl,Chicago,IL,
973,Everett,3419 S Bell Av,Chicago,IL,
974,Doolittle West,521 E 35th St,Chicago,IL,
975,Doolittle Inter,535 E 35th St,Chicago,IL,
976,Chicago Military Acad,3519 S Giles Av,Chicago,IL,
977,McClellan,3527 S Wallace St,Chicago,IL,
978,Evergreen,3537 S Paulina St,Chicago,IL,
979,Burroughs,3542 S Washtenaw Av,Chicago,IL,
980,Abbot,3630 S Wells St,Chicago,IL,
981,Mayo,249 E 37th St,Chicago,IL,
982,Chicago Children's Choir Academy,3737 S Paulina St,Chicago,IL,
983,Phillips Acad,244 E Pershing Rd,Chicago,IL,
984,Attucks,3813 S Dearborn St,Chicago,IL,
985,Brighton Park,3825 S Washtenaw Av,Chicago,IL,
986,McKinley Park,2744 W Pershing Rd,Chicago,IL,
987,Davies,3014 W 39th Pl,Chicago,IL,
988,Fuller,4214 S St Lawrence Av,Chicago,IL,
989,Kelly HS,4136 S California Av,Chicago,IL,
990,Robinson,4225 S Lake Park Av,Chicago,IL,
991,Hendricks Commercial Acad,4316 S Princeton Av,Chicago,IL,
992,Price,4351 S Drexel Bl,Chicago,IL,
993,King HS,4445 S Drexel Bl,Chicago,IL,
994,Mollison,4415 S Dr Martin Luther King Jr Dr,Chicago,IL,
995,McCorkle,4421 S State St,Chicago,IL,
996,Herbert,2131 W Monroe St,Chicago,IL,
997,Cregier Multiplex,2040 W Adams St,Chicago,IL,
998,Delano,3937 W Wilcox St,Chicago,IL,
999,Hefferan,4409 W Wilcox St,Chicago,IL,
1000,Calhoun North,2833 W Adams St,Chicago,IL,
1001,De Priest,139 S Parkside Av,Chicago,IL,
1002,Goldblatt,4257 W Adams St,Chicago,IL,
1003,Crane Tech HS,2245 W Jackson Bl,Chicago,IL,
1004,Locke Charter School,3125 W Jackson Bl,Chicago,IL,
1005,Ericson,3600 W Fifth Av,Chicago,IL,
1006,Jackson Acad,1340 W Harrison St,Chicago,IL,
1007,Octavio Paz Charter,2401 W Congress Pkwy,Chicago,IL,
1008,Jones HS,606 S State St,Chicago,IL,
1009,Melody,412 S Keeler Av,Chicago,IL,
1010,Jensen School Acad,3030 W Harrison St,Chicago,IL,
1011,Sumner,4320 W Fifth Av,Chicago,IL,
1012,Manley HS,2935 W Polk St,Chicago,IL,
1013,Gregory,3715 W Polk St,Chicago,IL,
1014,Bethune,3030 W Arthington St,Chicago,IL,
1015,Clark,1045 S Monitor Av,Chicago,IL,
1016,Chalmers,2745 W Roosevelt Rd,Chicago,IL,
1017,Gladstone,1231 S Damen Av,Chicago,IL,
1018,Montefiore Special,1310 S Ashland Av,Chicago,IL,
1019,Collins HS,1313 S Sacramento Dr,Chicago,IL,
1020,Henson,1326 S Avers Av,Chicago,IL,
1021,Medill Primary,1301 W 14th St,Chicago,IL,
